,place,name,year,month,visitors
0,1 ,'57 Chevy,2001,total,1512
1,2 ,Caipirinha,2001,total,1301
2,3 ,Long Island Icetea,2001,total,903
3,4 ,Piña Colada,2001,total,601
4,5 ,Tall Blonde,2001,total,573
5,6 ,Wiki Waki Woo,2001,total,517
6,7 ,Ghostbuster,2001,total,444
7,8 ,Mai Tai,2001,total,414
8,9 ,77 Sunset Strip,2001,total,402
9,10 ,Zombie,2001,total,301
0,1 ,Tall Blonde,2001,Oktober,3
1,2 ,Bleeding Heart,2001,Oktober,2
2,3 ,Piña Colada,2001,Oktober,2
3,4 ,Time Bomb,2001,Oktober,2
4,5 ,Sunny,2001,Oktober,2
5,6 ,Daiquiri Slush,2001,Oktober,2
6,7 ,Ghostbuster,2001,Oktober,2
7,8 ,Cuba Libre,2001,Oktober,1
8,9 ,Union Jack,2001,Oktober,1
9,10 ,Lemon Drop,2001,Oktober,1
0,1 ,'57 Chevy,2001,November,1051
1,2 ,Caipirinha,2001,November,885
2,3 ,Tall Blonde,2001,November,570
3,4 ,Long Island Icetea,2001,November,535
4,5 ,Mai Tai,2001,November,414
5,6 ,Piña Colada,2001,November,393
6,7 ,Wiki Waki Woo,2001,November,331
7,8 ,Ghostbuster,2001,November,290
8,9 ,77 Sunset Strip,2001,November,258
9,10 ,American Beauty (Aperitif),2001,November,168
0,1 ,'57 Chevy,2001,Dezember,460
1,2 ,Caipirinha,2001,Dezember,416
2,3 ,Long Island Icetea,2001,Dezember,368
3,4 ,Piña Colada,2001,Dezember,206
4,5 ,Wiki Waki Woo,2001,Dezember,185
5,6 ,Daiquiri Slush,2001,Dezember,158
6,7 ,Zombie,2001,Dezember,152
7,8 ,Ghostbuster,2001,Dezember,152
8,9 ,77 Sunset Strip,2001,Dezember,143
9,10 ,Sex On The Beach,2001,Dezember,75
0,1 ,'57 Chevy,2002,total,4336
1,2 ,Caipirinha,2002,total,3268
2,3 ,Long Island Icetea,2002,total,2768
3,4 ,Sex On The Beach,2002,total,1835
4,5 ,Mai Tai,2002,total,1723
5,6 ,Wiki Waki Woo,2002,total,1596
6,7 ,Piña Colada,2002,total,1367
7,8 ,Baby Aspirin,2002,total,1337
8,9 ,77 Sunset Strip,2002,total,1218
9,10 ,Tall Blonde,2002,total,1107
0,1 ,'57 Chevy,2002,Januar,934
1,2 ,Caipirinha,2002,Januar,778
2,3 ,Long Island Icetea,2002,Januar,555
3,4 ,Mai Tai,2002,Januar,481
4,5 ,Piña Colada,2002,Januar,388
5,6 ,Wiki Waki Woo,2002,Januar,368
6,7 ,Tall Blonde,2002,Januar,356
7,8 ,Sex On The Beach,2002,Januar,340
8,9 ,Baby Aspirin,2002,Januar,291
9,10 ,77 Sunset Strip,2002,Januar,273
0,1 ,'57 Chevy,2002,Februar,652
1,2 ,Caipirinha,2002,Februar,495
2,3 ,Long Island Icetea,2002,Februar,455
3,4 ,Sex On The Beach,2002,Februar,339
4,5 ,Mai Tai,2002,Februar,302
5,6 ,Wiki Waki Woo,2002,Februar,265
6,7 ,Piña Colada,2002,Februar,258
7,8 ,Baby Aspirin,2002,Februar,252
8,9 ,Tall Blonde,2002,Februar,206
9,10 ,77 Sunset Strip,2002,Februar,199
0,1 ,'57 Chevy,2002,März,718
1,2 ,Caipirinha,2002,März,510
2,3 ,Sex On The Beach,2002,März,451
3,4 ,Long Island Icetea,2002,März,431
4,5 ,Baby Aspirin,2002,März,262
5,6 ,Piña Colada,2002,März,259
6,7 ,Wiki Waki Woo,2002,März,246
7,8 ,77 Sunset Strip,2002,März,200
8,9 ,Ghostbuster,2002,März,107
9,10 ,Boston Tea Party,2002,März,96
0,1 ,'57 Chevy,2002,April,872
1,2 ,Caipirinha,2002,April,593
2,3 ,Long Island Icetea,2002,April,553
3,4 ,Mai Tai,2002,April,405
4,5 ,Wiki Waki Woo,2002,April,302
5,6 ,Tall Blonde,2002,April,234
6,7 ,77 Sunset Strip,2002,April,230
7,8 ,Zombie,2002,April,106
8,9 ,American Beauty (Aperitif),2002,April,102
9,10 ,Mojito,2002,April,101
0,1 ,'57 Chevy,2002,Mai,803
1,2 ,Caipirinha,2002,Mai,621
2,3 ,Long Island Icetea,2002,Mai,526
3,4 ,Sex On The Beach,2002,Mai,494
4,5 ,Mai Tai,2002,Mai,375
5,6 ,Baby Aspirin,2002,Mai,369
6,7 ,Piña Colada,2002,Mai,336
7,8 ,Wiki Waki Woo,2002,Mai,279
8,9 ,Tall Blonde,2002,Mai,224
9,10 ,77 Sunset Strip,2002,Mai,221
0,1 ,'57 Chevy,2002,Juni,357
1,2 ,Caipirinha,2002,Juni,271
2,3 ,Long Island Icetea,2002,Juni,248
3,4 ,Sex On The Beach,2002,Juni,211
4,5 ,Baby Aspirin,2002,Juni,163
5,6 ,Mai Tai,2002,Juni,160
6,7 ,Wiki Waki Woo,2002,Juni,136
7,8 ,Piña Colada,2002,Juni,126
8,9 ,77 Sunset Strip,2002,Juni,95
9,10 ,Tall Blonde,2002,Juni,87
0,1 ,Caipirinha,2003,total,11945
1,2 ,Sex On The Beach,2003,total,11735
2,3 ,Mojito original,2003,total,8032
3,4 ,Long Island Icetea,2003,total,7836
4,5 ,Mai Tai,2003,total,6356
5,6 ,'57 Chevy,2003,total,6306
6,7 ,Highfly,2003,total,6113
7,8 ,Baby Aspirin,2003,total,5585
8,9 ,Zombie,2003,total,4640
9,10 ,Piña Colada,2003,total,4396
0,1 ,Caipirinha,2003,Januar,741
1,2 ,Sex On The Beach,2003,Januar,695
2,3 ,'57 Chevy,2003,Januar,640
3,4 ,Long Island Icetea,2003,Januar,551
4,5 ,Mai Tai,2003,Januar,521
5,6 ,Veronika's Birthday,2003,Januar,516
6,7 ,Baby Aspirin,2003,Januar,421
7,8 ,Wiki Waki Woo,2003,Januar,373
8,9 ,Piña Colada,2003,Januar,355
9,10 ,Zombie,2003,Januar,327
0,1 ,Caipirinha,2003,Februar,777
1,2 ,Sex On The Beach,2003,Februar,721
2,3 ,'57 Chevy,2003,Februar,587
3,4 ,Long Island Icetea,2003,Februar,566
4,5 ,Mai Tai,2003,Februar,492
5,6 ,Baby Aspirin,2003,Februar,457
6,7 ,Wiki Waki Woo,2003,Februar,368
7,8 ,Veronika's Birthday,2003,Februar,368
8,9 ,Piña Colada,2003,Februar,343
9,10 ,Zombie,2003,Februar,339
0,1 ,Sex On The Beach,2003,März,881
1,2 ,Caipirinha,2003,März,835
2,3 ,Long Island Icetea,2003,März,662
3,4 ,'57 Chevy,2003,März,564
4,5 ,Mai Tai,2003,März,505
5,6 ,Baby Aspirin,2003,März,498
6,7 ,Wiki Waki Woo,2003,März,416
7,8 ,Piña Colada,2003,März,385
8,9 ,Veronika's Birthday,2003,März,363
9,10 ,Zombie,2003,März,344
0,1 ,Caipirinha,2003,April,809
1,2 ,'57 Chevy,2003,April,652
2,3 ,Long Island Icetea,2003,April,619
3,4 ,Mai Tai,2003,April,550
4,5 ,Baby Aspirin,2003,April,514
5,6 ,Wiki Waki Woo,2003,April,414
6,7 ,Zombie,2003,April,352
7,8 ,Veronika's Birthday,2003,April,282
8,9 ,77 Sunset Strip,2003,April,189
9,10 ,B52,2003,April,155
0,1 ,Sex On The Beach,2003,Mai,1216
1,2 ,Caipirinha,2003,Mai,966
2,3 ,Long Island Icetea,2003,Mai,697
3,4 ,'57 Chevy,2003,Mai,677
4,5 ,Mai Tai,2003,Mai,557
5,6 ,Baby Aspirin,2003,Mai,532
6,7 ,Wiki Waki Woo,2003,Mai,440
7,8 ,Zombie,2003,Mai,437
8,9 ,Piña Colada,2003,Mai,430
9,10 ,Veronika's Birthday,2003,Mai,367
0,1 ,Mojito original,2003,Juni,2042
1,2 ,Caipirinha,2003,Juni,1905
2,3 ,Highfly,2003,Juni,1587
3,4 ,Sex On The Beach,2003,Juni,1357
4,5 ,Long Island Icetea,2003,Juni,720
5,6 ,'57 Chevy,2003,Juni,653
6,7 ,Zombie,2003,Juni,526
7,8 ,Piña Colada,2003,Juni,478
8,9 ,Veronika's Birthday,2003,Juni,323
9,10 ,Mojito,2003,Juni,196
0,1 ,Sex On The Beach,2003,Juli,1489
1,2 ,Mojito original,2003,Juli,1483
2,3 ,Caipirinha,2003,Juli,1482
3,4 ,Cuban Special,2003,Juli,1316
4,5 ,Highfly,2003,Juli,1202
5,6 ,Mai Tai,2003,Juli,959
6,7 ,Long Island Icetea,2003,Juli,915
7,8 ,Baby Aspirin,2003,Juli,735
8,9 ,'57 Chevy,2003,Juli,728
9,10 ,Piña Colada,2003,Juli,581
0,1 ,Sex On The Beach,2003,August,1299
1,2 ,Caipirinha,2003,August,1215
2,3 ,Long Island Icetea,2003,August,907
3,4 ,Mojito original,2003,August,865
4,5 ,Mai Tai,2003,August,763
5,6 ,Baby Aspirin,2003,August,692
6,7 ,'57 Chevy,2003,August,644
7,8 ,Zombie,2003,August,625
8,9 ,Sputnik,2003,August,571
9,10 ,Piña Colada,2003,August,501
0,1 ,Sex On The Beach,2003,September,963
1,2 ,Caipirinha,2003,September,887
2,3 ,Mojito original,2003,September,753
3,4 ,Sputnik,2003,September,728
4,5 ,Highfly,2003,September,696
5,6 ,Cuban Special,2003,September,633
6,7 ,Long Island Icetea,2003,September,558
7,8 ,Baby Face,2003,September,547
8,9 ,Mai Tai,2003,September,483
9,10 ,Baby Aspirin,2003,September,463
0,1 ,Sex On The Beach,2003,Oktober,883
1,2 ,Highfly,2003,Oktober,702
2,3 ,Caipirinha,2003,Oktober,676
3,4 ,Mojito original,2003,Oktober,648
4,5 ,Sputnik,2003,Oktober,647
5,6 ,Cuban Special,2003,Oktober,558
6,7 ,Baby Face,2003,Oktober,483
7,8 ,Long Island Icetea,2003,Oktober,480
8,9 ,Mai Tai,2003,Oktober,475
9,10 ,Baby Aspirin,2003,Oktober,391
0,1 ,Sex On The Beach,2003,November,933
1,2 ,Highfly,2003,November,810
2,3 ,Mojito original,2003,November,797
3,4 ,Caipirinha,2003,November,680
4,5 ,Grasshopper,2003,November,627
5,6 ,Sputnik,2003,November,609
6,7 ,Cuban Special,2003,November,589
7,8 ,Long Island Icetea,2003,November,554
8,9 ,Mai Tai,2003,November,448
9,10 ,Baby Aspirin,2003,November,411
0,1 ,Sex On The Beach,2003,Dezember,1298
1,2 ,Caipirinha,2003,Dezember,972
2,3 ,Mojito original,2003,Dezember,837
3,4 ,Highfly,2003,Dezember,802
4,5 ,Sputnik,2003,Dezember,682
5,6 ,Cuban Special,2003,Dezember,630
6,7 ,Long Island Icetea,2003,Dezember,607
7,8 ,Mai Tai,2003,Dezember,603
8,9 ,Grasshopper,2003,Dezember,574
9,10 ,Zombie,2003,Dezember,507
0,1 ,Sex On The Beach,2004,total,12382
1,2 ,Mojito original,2004,total,9582
2,3 ,Caipirinha,2004,total,9061
3,4 ,Long Island Icetea,2004,total,7796
4,5 ,Highfly,2004,total,6952
5,6 ,Mai Tai,2004,total,6835
6,7 ,Sputnik,2004,total,6216
7,8 ,Baby Aspirin,2004,total,5645
8,9 ,Cuban Special,2004,total,5151
9,10 ,Grasshopper,2004,total,5045
0,1 ,Sex On The Beach,2004,Januar,1261
1,2 ,Mojito original,2004,Januar,910
2,3 ,Caipirinha,2004,Januar,905
3,4 ,Highfly,2004,Januar,861
4,5 ,Sputnik,2004,Januar,820
5,6 ,Cuban Special,2004,Januar,797
6,7 ,Grasshopper,2004,Januar,792
7,8 ,Long Island Icetea,2004,Januar,724
8,9 ,Mai Tai,2004,Januar,717
9,10 ,Baby Aspirin,2004,Januar,553
0,1 ,Sex On The Beach,2004,Februar,1266
1,2 ,Highfly,2004,Februar,1196
2,3 ,Mojito original,2004,Februar,1185
3,4 ,Caipirinha,2004,Februar,1160
4,5 ,Sputnik,2004,Februar,1113
5,6 ,Cuban Special,2004,Februar,1004
6,7 ,Grasshopper,2004,Februar,958
7,8 ,Gimlet,2004,Februar,791
8,9 ,Long Island Icetea,2004,Februar,712
9,10 ,Mai Tai,2004,Februar,656
0,1 ,Caipirinha,2004,März,1299
1,2 ,Mojito original,2004,März,1275
2,3 ,Sex On The Beach,2004,März,1181
3,4 ,Highfly,2004,März,1059
4,5 ,Sputnik,2004,März,943
5,6 ,Cuban Special,2004,März,830
6,7 ,Planter'sPunch (1),2004,März,750
7,8 ,Grasshopper,2004,März,742
8,9 ,Long Island Icetea,2004,März,697
9,10 ,Gimlet,2004,März,615
0,1 ,Mojito original,2004,April,1047
1,2 ,Caipirinha,2004,April,1035
2,3 ,Highfly,2004,April,731
3,4 ,Sputnik,2004,April,687
4,5 ,Grasshopper,2004,April,655
5,6 ,Long Island Icetea,2004,April,651
6,7 ,Cuban Special,2004,April,621
7,8 ,Planter'sPunch (1),2004,April,596
8,9 ,Mai Tai,2004,April,524
9,10 ,Zombie,2004,April,248
0,1 ,Sex On The Beach,2004,Mai,1050
1,2 ,Mojito original,2004,Mai,974
2,3 ,Caipirinha,2004,Mai,918
3,4 ,Highfly,2004,Mai,753
4,5 ,Long Island Icetea,2004,Mai,703
5,6 ,Sputnik,2004,Mai,692
6,7 ,Grasshopper,2004,Mai,647
7,8 ,A Day At The Beach,2004,Mai,583
8,9 ,Planter'sPunch (1),2004,Mai,563
9,10 ,Cuban Special,2004,Mai,543
0,1 ,Sex On The Beach,2004,Juni,1098
1,2 ,Caipirinha,2004,Juni,842
2,3 ,Long Island Icetea,2004,Juni,623
3,4 ,Mojito original,2004,Juni,599
4,5 ,Mai Tai,2004,Juni,527
5,6 ,Baby Aspirin,2004,Juni,457
6,7 ,Lumumba,2004,Juni,391
7,8 ,Sputnik,2004,Juni,376
8,9 ,Highfly,2004,Juni,349
9,10 ,Piña Colada,2004,Juni,317
0,1 ,Sex On The Beach,2004,Juli,1141
1,2 ,Mojito original,2004,Juli,674
2,3 ,Long Island Icetea,2004,Juli,666
3,4 ,Mai Tai,2004,Juli,545
4,5 ,Baby Aspirin,2004,Juli,471
5,6 ,Piña Colada,2004,Juli,358
6,7 ,Highfly,2004,Juli,339
7,8 ,Sputnik,2004,Juli,328
8,9 ,'57 Chevy,2004,Juli,258
9,10 ,Zombie,2004,Juli,245
0,1 ,Sex On The Beach,2004,August,1244
1,2 ,Mojito original,2004,August,784
2,3 ,Long Island Icetea,2004,August,712
3,4 ,Mai Tai,2004,August,672
4,5 ,Baby Aspirin,2004,August,604
5,6 ,Piña Colada,2004,August,418
6,7 ,Highfly,2004,August,393
7,8 ,Sputnik,2004,August,367
8,9 ,'57 Chevy,2004,August,304
9,10 ,Mojito,2004,August,283
0,1 ,Sex On The Beach,2004,September,1039
1,2 ,Caipirinha,2004,September,726
2,3 ,Long Island Icetea,2004,September,610
3,4 ,Mojito original,2004,September,553
4,5 ,Mai Tai,2004,September,501
5,6 ,Baby Aspirin,2004,September,484
6,7 ,Highfly,2004,September,313
7,8 ,Sputnik,2004,September,297
8,9 ,Piña Colada,2004,September,295
9,10 ,White Russian (der Echte!),2004,September,265
0,1 ,Sex On The Beach,2004,Oktober,1148
1,2 ,Caipirinha,2004,Oktober,808
2,3 ,Long Island Icetea,2004,Oktober,633
3,4 ,Mojito original,2004,Oktober,578
4,5 ,Mai Tai,2004,Oktober,574
5,6 ,Baby Aspirin,2004,Oktober,550
6,7 ,Highfly,2004,Oktober,358
7,8 ,Piña Colada,2004,Oktober,347
8,9 ,White Russian (der Echte!),2004,Oktober,288
9,10 ,Zombie,2004,Oktober,266
0,1 ,Sex On The Beach,2004,November,1019
1,2 ,Caipirinha,2004,November,690
2,3 ,Long Island Icetea,2004,November,535
3,4 ,Mojito original,2004,November,510
4,5 ,Mai Tai,2004,November,483
5,6 ,Baby Aspirin,2004,November,449
6,7 ,Highfly,2004,November,296
7,8 ,Sputnik,2004,November,288
8,9 ,Cuban Special,2004,November,280
9,10 ,Zombie,2004,November,225
0,1 ,Sex On The Beach,2004,Dezember,935
1,2 ,Caipirinha,2004,Dezember,678
2,3 ,Mai Tai,2004,Dezember,533
3,4 ,Long Island Icetea,2004,Dezember,530
4,5 ,Mojito original,2004,Dezember,493
5,6 ,Baby Aspirin,2004,Dezember,434
6,7 ,Sputnik,2004,Dezember,305
7,8 ,Highfly,2004,Dezember,304
8,9 ,Zombie,2004,Dezember,274
9,10 ,Piña Colada,2004,Dezember,264
0,1 ,Sex On The Beach,2005,total,12065
1,2 ,Caipirinha,2005,total,7573
2,3 ,Baby Aspirin,2005,total,5662
3,4 ,Mai Tai,2005,total,5439
4,5 ,Zombie,2005,total,4573
5,6 ,White Russian (der Echte!),2005,total,4357
6,7 ,Mojito original,2005,total,4153
7,8 ,Piña Colada,2005,total,4127
8,9 ,Absinth,2005,total,4070
9,10 ,Long Island Icetea,2005,total,3907
0,1 ,Sex On The Beach,2005,Januar,1037
1,2 ,Long Island Icetea,2005,Januar,644
2,3 ,Baby Aspirin,2005,Januar,580
3,4 ,Mojito original,2005,Januar,464
4,5 ,White Russian (der Echte!),2005,Januar,461
5,6 ,Zombie,2005,Januar,435
6,7 ,Piña Colada,2005,Januar,353
7,8 ,Absinth,2005,Januar,343
8,9 ,Highfly,2005,Januar,238
9,10 ,Sputnik,2005,Januar,237
0,1 ,Sex On The Beach,2005,Februar,817
1,2 ,Caipirinha,2005,Februar,578
2,3 ,Mai Tai,2005,Februar,496
3,4 ,Long Island Icetea,2005,Februar,494
4,5 ,Baby Aspirin,2005,Februar,465
5,6 ,White Russian (der Echte!),2005,Februar,356
6,7 ,Mojito original,2005,Februar,351
7,8 ,Zombie,2005,Februar,339
8,9 ,Absinth,2005,Februar,317
9,10 ,Piña Colada,2005,Februar,315
0,1 ,Sex On The Beach,2005,März,907
1,2 ,Caipirinha,2005,März,596
2,3 ,Mai Tai,2005,März,537
3,4 ,Long Island Icetea,2005,März,482
4,5 ,Baby Aspirin,2005,März,478
5,6 ,White Russian (der Echte!),2005,März,395
6,7 ,Zombie,2005,März,365
7,8 ,Absinth,2005,März,312
8,9 ,Piña Colada,2005,März,308
9,10 ,'57 Chevy,2005,März,172
0,1 ,Sex On The Beach,2005,April,963
1,2 ,Caipirinha,2005,April,637
2,3 ,Long Island Icetea,2005,April,570
3,4 ,Mai Tai,2005,April,547
4,5 ,Baby Aspirin,2005,April,526
5,6 ,Mojito original,2005,April,401
6,7 ,Zombie,2005,April,374
7,8 ,Absinth,2005,April,368
8,9 ,White Russian (der Echte!),2005,April,366
9,10 ,Piña Colada,2005,April,337
0,1 ,Sex On The Beach,2005,Mai,1165
1,2 ,Caipirinha,2005,Mai,761
2,3 ,Mai Tai,2005,Mai,590
3,4 ,Baby Aspirin,2005,Mai,559
4,5 ,Mojito original,2005,Mai,537
5,6 ,Zombie,2005,Mai,452
6,7 ,White Russian (der Echte!),2005,Mai,442
7,8 ,Piña Colada,2005,Mai,393
8,9 ,Absinth,2005,Mai,387
9,10 ,Highfly,2005,Mai,203
0,1 ,Sex On The Beach,2005,Juni,1221
1,2 ,Caipirinha,2005,Juni,915
2,3 ,Mojito original,2005,Juni,549
3,4 ,White Russian (der Echte!),2005,Juni,459
4,5 ,Zombie,2005,Juni,439
5,6 ,Piña Colada,2005,Juni,417
6,7 ,Sputnik,2005,Juni,381
7,8 ,Absinth,2005,Juni,340
8,9 ,Mojito,2005,Juni,226
9,10 ,Sex On The Beach 3,2005,Juni,205
0,1 ,Sex On The Beach,2005,Juli,950
1,2 ,Caipirinha,2005,Juli,754
2,3 ,Mai Tai,2005,Juli,583
3,4 ,Baby Aspirin,2005,Juli,517
4,5 ,Zombie,2005,Juli,414
5,6 ,White Russian (der Echte!),2005,Juli,381
6,7 ,Piña Colada,2005,Juli,357
7,8 ,Absinth,2005,Juli,328
8,9 ,Mojito,2005,Juli,200
9,10 ,Tequila Sunrise,2005,Juli,192
0,1 ,Sex On The Beach,2005,August,998
1,2 ,Caipirinha,2005,August,658
2,3 ,Mai Tai,2005,August,527
3,4 ,Baby Aspirin,2005,August,496
4,5 ,Mojito original,2005,August,396
5,6 ,White Russian (der Echte!),2005,August,388
6,7 ,Zombie,2005,August,356
7,8 ,Piña Colada,2005,August,344
8,9 ,Absinth,2005,August,325
9,10 ,Sex On The Beach 3,2005,August,181
0,1 ,Sex On The Beach,2005,September,1081
1,2 ,Caipirinha,2005,September,717
2,3 ,Mai Tai,2005,September,560
3,4 ,Baby Aspirin,2005,September,533
4,5 ,Zombie,2005,September,484
5,6 ,White Russian (der Echte!),2005,September,393
6,7 ,Mojito original,2005,September,381
7,8 ,Piña Colada,2005,September,339
8,9 ,Absinth,2005,September,331
9,10 ,Sex On The Beach 3,2005,September,186
0,1 ,Sex On The Beach,2005,Oktober,906
1,2 ,Caipirinha,2005,Oktober,581
2,3 ,Long Island Icetea,2005,Oktober,495
3,4 ,Mai Tai,2005,Oktober,473
4,5 ,Baby Aspirin,2005,Oktober,472
5,6 ,Zombie,2005,Oktober,435
6,7 ,White Russian (der Echte!),2005,Oktober,349
7,8 ,Mojito original,2005,Oktober,330
8,9 ,Absinth,2005,Oktober,306
9,10 ,Piña Colada,2005,Oktober,261
0,1 ,Sex On The Beach,2005,November,1017
1,2 ,Caipirinha,2005,November,666
2,3 ,Long Island Icetea,2005,November,596
3,4 ,Mai Tai,2005,November,517
4,5 ,Baby Aspirin,2005,November,504
5,6 ,Zombie,2005,November,480
6,7 ,White Russian (der Echte!),2005,November,367
7,8 ,Mojito original,2005,November,357
8,9 ,Absinth,2005,November,356
9,10 ,Piña Colada,2005,November,342
0,1 ,---,2005,Dezember,1045
1,2 ,Sex On The Beach,2005,Dezember,1003
2,3 ,Caipirinha,2005,Dezember,710
3,4 ,Long Island Icetea,2005,Dezember,626
4,5 ,Mai Tai,2005,Dezember,609
5,6 ,Baby Aspirin,2005,Dezember,532
6,7 ,Mojito original,2005,Dezember,387
7,8 ,Piña Colada,2005,Dezember,361
8,9 ,Absinth,2005,Dezember,357
9,10 ,Sex On The Beach 3,2005,Dezember,168
0,1 ,Sex On The Beach,2006,total,5064
1,2 ,Caipirinha,2006,total,4669
2,3 ,Long Island Icetea,2006,total,4231
3,4 ,Baby Aspirin,2006,total,4107
4,5 ,Mai Tai,2006,total,3779
5,6 ,Zombie,2006,total,2820
6,7 ,Absinth,2006,total,2420
7,8 ,Sex On The Beach 3,2006,total,2032
8,9 ,Piña Colada,2006,total,1904
9,10 ,Mojito original,2006,total,1843
0,1 ,Sex On The Beach,2006,Januar,1046
1,2 ,Caipirinha,2006,Januar,713
2,3 ,Long Island Icetea,2006,Januar,641
3,4 ,Mai Tai,2006,Januar,546
4,5 ,Baby Aspirin,2006,Januar,541
5,6 ,Absinth,2006,Januar,404
6,7 ,Piña Colada,2006,Januar,355
7,8 ,---nazi_from_hell,2006,Januar,239
8,9 ,Sex On The Beach 3,2006,Januar,177
9,10 ,'57 Chevy,2006,Januar,158
0,1 ,Sex On The Beach,2006,Februar,922
1,2 ,Caipirinha,2006,Februar,608
2,3 ,Long Island Icetea,2006,Februar,599
3,4 ,Baby Aspirin,2006,Februar,539
4,5 ,Mai Tai,2006,Februar,520
5,6 ,Zombie,2006,Februar,455
6,7 ,White Russian (der Echte!),2006,Februar,426
7,8 ,Mojito original,2006,Februar,343
8,9 ,Piña Colada,2006,Februar,324
9,10 ,Absinth,2006,Februar,317
0,1 ,Sex On The Beach,2006,März,1047
1,2 ,Caipirinha,2006,März,681
2,3 ,Baby Aspirin,2006,März,592
3,4 ,Long Island Icetea,2006,März,567
4,5 ,Mai Tai,2006,März,566
5,6 ,Zombie,2006,März,495
6,7 ,Mojito original,2006,März,367
7,8 ,Absinth,2006,März,341
8,9 ,Piña Colada,2006,März,335
9,10 ,Sex On The Beach 3,2006,März,179
0,1 ,Sex On The Beach,2006,April,184
1,2 ,Caipirinha,2006,April,114
2,3 ,Long Island Icetea,2006,April,108
3,4 ,White Russian (der Echte!),2006,April,89
4,5 ,Zombie,2006,April,79
5,6 ,Mojito original,2006,April,77
6,7 ,Piña Colada,2006,April,68
7,8 ,Absinth,2006,April,55
8,9 ,B52,2006,April,41
9,10 ,Sex On The Beach 3,2006,April,37
0,1 ,Sex On The Beach,2006,Oktober,880
1,2 ,Baby Aspirin,2006,Oktober,531
2,3 ,Caipirinha,2006,Oktober,522
3,4 ,Long Island Icetea,2006,Oktober,480
4,5 ,Mai Tai,2006,Oktober,444
5,6 ,Zombie,2006,Oktober,414
6,7 ,Mojito original,2006,Oktober,340
7,8 ,Absinth,2006,Oktober,299
8,9 ,Sex On The Beach 3,2006,Oktober,293
9,10 ,White Russian (der Echte!),2006,Oktober,253
0,1 ,Baby Aspirin,2006,November,935
1,2 ,Caipirinha,2006,November,931
2,3 ,Sex On The Beach,2006,November,838
3,4 ,Long Island Icetea,2006,November,813
4,5 ,Mai Tai,2006,November,748
5,6 ,Zombie,2006,November,550
6,7 ,Sex On The Beach 3,2006,November,526
7,8 ,White Russian (der Echte!),2006,November,498
8,9 ,Absinth,2006,November,490
9,10 ,'57 Chevy,2006,November,454
0,1 ,Caipirinha,2006,Dezember,1100
1,2 ,Long Island Icetea,2006,Dezember,1023
2,3 ,Baby Aspirin,2006,Dezember,969
3,4 ,Mai Tai,2006,Dezember,955
4,5 ,Zombie,2006,Dezember,827
5,6 ,Sex On The Beach 3,2006,Dezember,668
6,7 ,Mojito original,2006,Dezember,625
7,8 ,Absinth,2006,Dezember,514
8,9 ,White Russian (der Echte!),2006,Dezember,483
9,10 ,'57 Chevy,2006,Dezember,463
0,1 ,Sex On The Beach,2007,total,13604
1,2 ,Caipirinha,2007,total,9462
2,3 ,Baby Aspirin,2007,total,7977
3,4 ,Long Island Icetea,2007,total,7904
4,5 ,Mai Tai,2007,total,7835
5,6 ,Zombie,2007,total,7093
6,7 ,Mojito original,2007,total,6214
7,8 ,Sex On The Beach 3,2007,total,4919
8,9 ,White Russian (der Echte!),2007,total,4624
9,10 ,'57 Chevy,2007,total,4309
0,1 ,Sex On The Beach,2007,Januar,1569
1,2 ,Caipirinha,2007,Januar,970
2,3 ,Long Island Icetea,2007,Januar,884
3,4 ,Baby Aspirin,2007,Januar,857
4,5 ,Mai Tai,2007,Januar,804
5,6 ,Zombie,2007,Januar,735
6,7 ,Sex On The Beach 3,2007,Januar,564
7,8 ,Mojito original,2007,Januar,539
8,9 ,Absinth,2007,Januar,506
9,10 ,White Russian (der Echte!),2007,Januar,494
0,1 ,Sex On The Beach,2007,Februar,1239
1,2 ,Caipirinha,2007,Februar,829
2,3 ,Long Island Icetea,2007,Februar,744
3,4 ,Baby Aspirin,2007,Februar,720
4,5 ,Mai Tai,2007,Februar,672
5,6 ,Zombie,2007,Februar,607
6,7 ,Sex On The Beach 3,2007,Februar,442
7,8 ,Mojito original,2007,Februar,441
8,9 ,'57 Chevy,2007,Februar,400
9,10 ,White Russian (der Echte!),2007,Februar,393
0,1 ,Sex On The Beach,2007,März,1352
1,2 ,Caipirinha,2007,März,812
2,3 ,Long Island Icetea,2007,März,754
3,4 ,Baby Aspirin,2007,März,727
4,5 ,Mai Tai,2007,März,689
5,6 ,Zombie,2007,März,639
6,7 ,Mojito original,2007,März,483
7,8 ,White Russian (der Echte!),2007,März,459
8,9 ,Sex On The Beach 3,2007,März,447
9,10 ,Absinth,2007,März,389
0,1 ,Sex On The Beach,2007,April,1178
1,2 ,Caipirinha,2007,April,733
2,3 ,Long Island Icetea,2007,April,728
3,4 ,Mai Tai,2007,April,671
4,5 ,Baby Aspirin,2007,April,631
5,6 ,Zombie,2007,April,552
6,7 ,Mojito original,2007,April,513
7,8 ,Sex On The Beach 3,2007,April,400
8,9 ,White Russian (der Echte!),2007,April,397
9,10 ,'57 Chevy,2007,April,344
0,1 ,Sex On The Beach,2007,Mai,1730
1,2 ,Caipirinha,2007,Mai,1092
2,3 ,Long Island Icetea,2007,Mai,961
3,4 ,Baby Aspirin,2007,Mai,925
4,5 ,Mai Tai,2007,Mai,886
5,6 ,Erdbeerbowle,2007,Mai,865
6,7 ,Zombie,2007,Mai,773
7,8 ,Mojito original,2007,Mai,745
8,9 ,Sex On The Beach 3,2007,Mai,556
9,10 ,'57 Chevy,2007,Mai,484
0,1 ,Sex On The Beach,2007,Juni,1186
1,2 ,Erdbeerbowle,2007,Juni,974
2,3 ,Caipirinha,2007,Juni,779
3,4 ,Mai Tai,2007,Juni,682
4,5 ,Baby Aspirin,2007,Juni,658
5,6 ,Mojito original,2007,Juni,652
6,7 ,Zombie,2007,Juni,599
7,8 ,Sex On The Beach 3,2007,Juni,414
8,9 ,White Russian (der Echte!),2007,Juni,360
9,10 ,'57 Chevy,2007,Juni,358
0,1 ,Sex On The Beach,2007,Juli,968
1,2 ,Caipirinha,2007,Juli,764
2,3 ,Long Island Icetea,2007,Juli,663
3,4 ,Mai Tai,2007,Juli,627
4,5 ,Baby Aspirin,2007,Juli,602
5,6 ,Zombie,2007,Juli,587
6,7 ,Mojito original,2007,Juli,530
7,8 ,Sex On The Beach 3,2007,Juli,382
8,9 ,White Russian (der Echte!),2007,Juli,381
9,10 ,'57 Chevy,2007,Juli,338
0,1 ,Sex On The Beach,2007,August,1066
1,2 ,Caipirinha,2007,August,779
2,3 ,Long Island Icetea,2007,August,636
3,4 ,Mai Tai,2007,August,593
4,5 ,Baby Aspirin,2007,August,587
5,6 ,Mojito original,2007,August,573
6,7 ,Kaukasier,2007,August,553
7,8 ,Zombie,2007,August,545
8,9 ,Sex On The Beach 3,2007,August,375
9,10 ,White Russian (der Echte!),2007,August,361
0,1 ,Sex On The Beach,2007,September,907
1,2 ,Caipirinha,2007,September,611
2,3 ,Long Island Icetea,2007,September,534
3,4 ,Kaukasier,2007,September,517
4,5 ,Baby Aspirin,2007,September,512
5,6 ,Mai Tai,2007,September,480
6,7 ,Zombie,2007,September,431
7,8 ,Mojito original,2007,September,374
8,9 ,White Russian (der Echte!),2007,September,298
9,10 ,'57 Chevy,2007,September,294
0,1 ,Sex On The Beach,2007,Oktober,1062
1,2 ,Caipirinha,2007,Oktober,643
2,3 ,Baby Aspirin,2007,Oktober,607
3,4 ,Long Island Icetea,2007,Oktober,593
4,5 ,Mai Tai,2007,Oktober,575
5,6 ,Zombie,2007,Oktober,540
6,7 ,Mojito original,2007,Oktober,428
7,8 ,'57 Chevy,2007,Oktober,354
8,9 ,Sex On The Beach 3,2007,Oktober,339
9,10 ,White Russian (der Echte!),2007,Oktober,319
0,1 ,Sex On The Beach,2007,November,1047
1,2 ,Caipirinha,2007,November,691
2,3 ,Long Island Icetea,2007,November,638
3,4 ,Mai Tai,2007,November,555
4,5 ,Zombie,2007,November,543
5,6 ,Baby Aspirin,2007,November,524
6,7 ,Mojito original,2007,November,435
7,8 ,White Russian (der Echte!),2007,November,367
8,9 ,Sex On The Beach 3,2007,November,331
9,10 ,Absinth,2007,November,329
0,1 ,Caipirinha,2007,Dezember,759
1,2 ,Long Island Icetea,2007,Dezember,640
2,3 ,Baby Aspirin,2007,Dezember,627
3,4 ,Mai Tai,2007,Dezember,601
4,5 ,Zombie,2007,Dezember,542
5,6 ,Mojito original,2007,Dezember,501
6,7 ,Sex On The Beach 3,2007,Dezember,390
7,8 ,White Russian (der Echte!),2007,Dezember,357
8,9 ,'57 Chevy,2007,Dezember,322
9,10 ,Sex On The Beach,2007,Dezember,300
0,1 ,Sex On The Beach,2008,total,11108
1,2 ,Caipirinha,2008,total,7656
2,3 ,Long Island Icetea,2008,total,6783
3,4 ,Baby Aspirin,2008,total,6243
4,5 ,Mai Tai,2008,total,6213
5,6 ,Zombie,2008,total,5592
6,7 ,Mojito original,2008,total,5278
7,8 ,'57 Chevy,2008,total,3701
8,9 ,Sex On The Beach 3,2008,total,3218
9,10 ,White Russian (der Echte!),2008,total,3149
0,1 ,Sex On The Beach,2008,Januar,1141
1,2 ,Caipirinha,2008,Januar,677
2,3 ,Baby Aspirin,2008,Januar,643
3,4 ,Zombie,2008,Januar,629
4,5 ,Mai Tai,2008,Januar,609
5,6 ,Long Island Icetea,2008,Januar,602
6,7 ,Mojito original,2008,Januar,461
7,8 ,'57 Chevy,2008,Januar,375
8,9 ,Absinth,2008,Januar,321
9,10 ,White Russian (der Echte!),2008,Januar,301
0,1 ,Sex On The Beach,2008,Februar,895
1,2 ,Caipirinha,2008,Februar,603
2,3 ,Baby Aspirin,2008,Februar,571
3,4 ,Long Island Icetea,2008,Februar,551
4,5 ,Mai Tai,2008,Februar,540
5,6 ,Zombie,2008,Februar,524
6,7 ,Mojito original,2008,Februar,401
7,8 ,'57 Chevy,2008,Februar,331
8,9 ,Sex On The Beach 3,2008,Februar,304
9,10 ,White Russian (der Echte!),2008,Februar,278
0,1 ,Sex On The Beach,2008,März,923
1,2 ,Caipirinha,2008,März,705
2,3 ,Long Island Icetea,2008,März,563
3,4 ,Baby Aspirin,2008,März,537
4,5 ,Zombie,2008,März,517
5,6 ,Mai Tai,2008,März,503
6,7 ,Mojito original,2008,März,426
7,8 ,'57 Chevy,2008,März,317
8,9 ,Absinth,2008,März,274
9,10 ,Sex On The Beach 3,2008,März,273
0,1 ,Sex On The Beach,2008,April,1096
1,2 ,Caipirinha,2008,April,725
2,3 ,Long Island Icetea,2008,April,598
3,4 ,Baby Aspirin,2008,April,558
4,5 ,Mai Tai,2008,April,551
5,6 ,Zombie,2008,April,543
6,7 ,Mojito original,2008,April,450
7,8 ,'57 Chevy,2008,April,324
8,9 ,Sex On The Beach 3,2008,April,319
9,10 ,White Russian (der Echte!),2008,April,277
0,1 ,Sex On The Beach,2008,Mai,1027
1,2 ,Caipirinha,2008,Mai,650
2,3 ,Long Island Icetea,2008,Mai,579
3,4 ,Mai Tai,2008,Mai,552
4,5 ,Baby Aspirin,2008,Mai,528
5,6 ,Mojito original,2008,Mai,476
6,7 ,White Russian (der Echte!),2008,Mai,415
7,8 ,Sex On The Beach 3,2008,Mai,318
8,9 ,'57 Chevy,2008,Mai,294
9,10 ,Absinth,2008,Mai,276
0,1 ,Sex On The Beach,2008,Juni,939
1,2 ,Caipirinha,2008,Juni,648
2,3 ,Long Island Icetea,2008,Juni,545
3,4 ,Baby Aspirin,2008,Juni,494
4,5 ,Mai Tai,2008,Juni,487
5,6 ,Zombie,2008,Juni,463
6,7 ,Mojito original,2008,Juni,457
7,8 ,Sex On The Beach 3,2008,Juni,288
8,9 ,'57 Chevy,2008,Juni,274
9,10 ,White Russian (der Echte!),2008,Juni,267
0,1 ,Sex On The Beach,2008,Juli,960
1,2 ,Caipirinha,2008,Juli,743
2,3 ,Mai Tai,2008,Juli,603
3,4 ,Long Island Icetea,2008,Juli,602
4,5 ,Baby Aspirin,2008,Juli,562
5,6 ,Mojito original,2008,Juli,560
6,7 ,Zombie,2008,Juli,550
7,8 ,'57 Chevy,2008,Juli,348
8,9 ,Sex On The Beach 3,2008,Juli,323
9,10 ,White Russian (der Echte!),2008,Juli,311
0,1 ,Sex On The Beach,2008,August,769
1,2 ,Caipirinha,2008,August,626
2,3 ,Long Island Icetea,2008,August,482
3,4 ,Baby Aspirin,2008,August,443
4,5 ,Mojito original,2008,August,440
5,6 ,Mai Tai,2008,August,433
6,7 ,Zombie,2008,August,416
7,8 ,'57 Chevy,2008,August,271
8,9 ,Sex On The Beach 3,2008,August,253
9,10 ,Mojito,2008,August,230
0,1 ,Sex On The Beach,2008,September,854
1,2 ,Long Island Icetea,2008,September,592
2,3 ,Caipirinha,2008,September,588
3,4 ,Baby Aspirin,2008,September,500
4,5 ,Zombie,2008,September,481
5,6 ,Mai Tai,2008,September,479
6,7 ,Mojito original,2008,September,435
7,8 ,'57 Chevy,2008,September,287
8,9 ,Sex On The Beach 3,2008,September,219
9,10 ,Highfly,2008,September,216
0,1 ,Sex On The Beach,2008,Oktober,827
1,2 ,Long Island Icetea,2008,Oktober,604
2,3 ,Caipirinha,2008,Oktober,570
3,4 ,Mai Tai,2008,Oktober,509
4,5 ,Baby Aspirin,2008,Oktober,500
5,6 ,Zombie,2008,Oktober,468
6,7 ,Mojito original,2008,Oktober,406
7,8 ,'57 Chevy,2008,Oktober,303
8,9 ,Sex On The Beach 3,2008,Oktober,239
9,10 ,Absinth,2008,Oktober,223
0,1 ,Sex On The Beach,2008,November,790
1,2 ,Caipirinha,2008,November,520
2,3 ,Long Island Icetea,2008,November,518
3,4 ,Mai Tai,2008,November,454
4,5 ,Zombie,2008,November,448
5,6 ,Baby Aspirin,2008,November,445
6,7 ,Mojito original,2008,November,345
7,8 ,'57 Chevy,2008,November,270
8,9 ,Sex On The Beach 3,2008,November,239
9,10 ,Absinth,2008,November,225
0,1 ,Sex On The Beach,2008,Dezember,887
1,2 ,Caipirinha,2008,Dezember,601
2,3 ,Long Island Icetea,2008,Dezember,547
3,4 ,Mai Tai,2008,Dezember,493
4,5 ,Zombie,2008,Dezember,492
5,6 ,Baby Aspirin,2008,Dezember,462
6,7 ,Mojito original,2008,Dezember,421
7,8 ,'57 Chevy,2008,Dezember,307
8,9 ,Sex On The Beach 3,2008,Dezember,269
9,10 ,White Russian (der Echte!),2008,Dezember,227
0,1 ,Sex On The Beach,2009,total,8459
1,2 ,Caipirinha,2009,total,6144
2,3 ,Long Island Icetea,2009,total,5425
3,4 ,Zombie,2009,total,5089
4,5 ,Mai Tai,2009,total,5035
5,6 ,Baby Aspirin,2009,total,4735
6,7 ,Mojito original,2009,total,4579
7,8 ,'57 Chevy,2009,total,3043
8,9 ,Seven and Seven,2009,total,2629
9,10 ,Sex On The Beach 3,2009,total,2628
0,1 ,Sex On The Beach,2009,Januar,834
1,2 ,Caipirinha,2009,Januar,559
2,3 ,Long Island Icetea,2009,Januar,483
3,4 ,Mai Tai,2009,Januar,483
4,5 ,Zombie,2009,Januar,450
5,6 ,Baby Aspirin,2009,Januar,447
6,7 ,Mojito original,2009,Januar,372
7,8 ,'57 Chevy,2009,Januar,279
8,9 ,Sex On The Beach 3,2009,Januar,237
9,10 ,White Russian (der Echte!),2009,Januar,227
0,1 ,Sex On The Beach,2009,Februar,724
1,2 ,Caipirinha,2009,Februar,477
2,3 ,Zombie,2009,Februar,450
3,4 ,Baby Aspirin,2009,Februar,414
4,5 ,Long Island Icetea,2009,Februar,406
5,6 ,Mai Tai,2009,Februar,391
6,7 ,Mojito original,2009,Februar,333
7,8 ,'57 Chevy,2009,Februar,267
8,9 ,Seven and Seven,2009,Februar,236
9,10 ,Sex On The Beach 3,2009,Februar,224
0,1 ,Sex On The Beach,2009,März,857
1,2 ,Caipirinha,2009,März,600
2,3 ,Long Island Icetea,2009,März,536
3,4 ,Baby Aspirin,2009,März,480
4,5 ,Mai Tai,2009,März,475
5,6 ,Zombie,2009,März,468
6,7 ,Mojito original,2009,März,398
7,8 ,'57 Chevy,2009,März,298
8,9 ,Sex On The Beach 3,2009,März,267
9,10 ,White Russian (der Echte!),2009,März,248
0,1 ,Sex On The Beach,2009,April,701
1,2 ,Caipirinha,2009,April,515
2,3 ,Long Island Icetea,2009,April,440
3,4 ,Mai Tai,2009,April,434
4,5 ,Baby Aspirin,2009,April,373
5,6 ,Mojito original,2009,April,362
6,7 ,Zombie,2009,April,351
7,8 ,Seven and Seven,2009,April,253
8,9 ,Sex On The Beach 3,2009,April,206
9,10 ,'57 Chevy,2009,April,204
0,1 ,Sex On The Beach,2009,Mai,569
1,2 ,Caipirinha,2009,Mai,537
2,3 ,Long Island Icetea,2009,Mai,508
3,4 ,Zombie,2009,Mai,474
4,5 ,Mai Tai,2009,Mai,453
5,6 ,Mojito original,2009,Mai,440
6,7 ,Baby Aspirin,2009,Mai,322
7,8 ,'57 Chevy,2009,Mai,257
8,9 ,Sex On The Beach 3,2009,Mai,240
9,10 ,Mojito,2009,Mai,219
0,1 ,Sex On The Beach,2009,Juni,731
1,2 ,Caipirinha,2009,Juni,532
2,3 ,Long Island Icetea,2009,Juni,437
3,4 ,Mai Tai,2009,Juni,400
4,5 ,Mojito original,2009,Juni,397
5,6 ,Zombie,2009,Juni,379
6,7 ,Baby Aspirin,2009,Juni,379
7,8 ,Seven and Seven,2009,Juni,327
8,9 ,'57 Chevy,2009,Juni,236
9,10 ,Mojito,2009,Juni,212
0,1 ,Sex On The Beach,2009,Juli,668
1,2 ,Caipirinha,2009,Juli,573
2,3 ,Mojito original,2009,Juli,446
3,4 ,Long Island Icetea,2009,Juli,440
4,5 ,Mai Tai,2009,Juli,412
5,6 ,Baby Aspirin,2009,Juli,408
6,7 ,Zombie,2009,Juli,398
7,8 ,'57 Chevy,2009,Juli,255
8,9 ,Seven and Seven,2009,Juli,244
9,10 ,Mojito,2009,Juli,231
0,1 ,Sex On The Beach,2009,August,664
1,2 ,Caipirinha,2009,August,512
2,3 ,Long Island Icetea,2009,August,460
3,4 ,Zombie,2009,August,447
4,5 ,Mai Tai,2009,August,419
5,6 ,Mojito original,2009,August,413
6,7 ,Baby Aspirin,2009,August,380
7,8 ,Seven and Seven,2009,August,281
8,9 ,'57 Chevy,2009,August,229
9,10 ,Sex On The Beach 3,2009,August,218
0,1 ,Sex On The Beach,2009,September,673
1,2 ,Caipirinha,2009,September,446
2,3 ,Long Island Icetea,2009,September,439
3,4 ,Zombie,2009,September,409
4,5 ,Baby Aspirin,2009,September,392
5,6 ,Mai Tai,2009,September,371
6,7 ,Mojito original,2009,September,362
7,8 ,'57 Chevy,2009,September,239
8,9 ,Sex On The Beach 3,2009,September,192
9,10 ,Mojito,2009,September,185
0,1 ,Sex On The Beach,2009,Oktober,694
1,2 ,Caipirinha,2009,Oktober,458
2,3 ,Long Island Icetea,2009,Oktober,447
3,4 ,Zombie,2009,Oktober,433
4,5 ,Mai Tai,2009,Oktober,386
5,6 ,Baby Aspirin,2009,Oktober,380
6,7 ,Mojito original,2009,Oktober,344
7,8 ,'57 Chevy,2009,Oktober,272
8,9 ,Sex On The Beach 3,2009,Oktober,207
9,10 ,White Russian (der Echte!),2009,Oktober,181
0,1 ,Sex On The Beach,2009,November,685
1,2 ,Caipirinha,2009,November,466
2,3 ,Long Island Icetea,2009,November,410
3,4 ,Zombie,2009,November,409
4,5 ,Mai Tai,2009,November,387
5,6 ,Baby Aspirin,2009,November,378
6,7 ,Mojito original,2009,November,351
7,8 ,'57 Chevy,2009,November,229
8,9 ,Seven and Seven,2009,November,222
9,10 ,Sex On The Beach 3,2009,November,188
0,1 ,Sex On The Beach,2009,Dezember,659
1,2 ,Caipirinha,2009,Dezember,469
2,3 ,Mai Tai,2009,Dezember,424
3,4 ,Zombie,2009,Dezember,421
4,5 ,Long Island Icetea,2009,Dezember,419
5,6 ,Baby Aspirin,2009,Dezember,382
6,7 ,Mojito original,2009,Dezember,361
7,8 ,'57 Chevy,2009,Dezember,278
8,9 ,Dream Cocktail,2009,Dezember,237
9,10 ,Seven and Seven,2009,Dezember,211
0,1 ,Sex On The Beach,2010,total,6975
1,2 ,Caipirinha,2010,total,4655
2,3 ,Long Island Icetea,2010,total,4528
3,4 ,Mai Tai,2010,total,4295
4,5 ,Baby Aspirin,2010,total,4281
5,6 ,Zombie,2010,total,4248
6,7 ,Mojito original,2010,total,3527
7,8 ,'57 Chevy,2010,total,2863
8,9 ,Highfly,2010,total,2314
9,10 ,Sex On The Beach 3,2010,total,1925
0,1 ,Sex On The Beach,2010,Januar,684
1,2 ,Long Island Icetea,2010,Januar,444
2,3 ,Caipirinha,2010,Januar,443
3,4 ,Mai Tai,2010,Januar,414
4,5 ,Zombie,2010,Januar,411
5,6 ,Baby Aspirin,2010,Januar,397
6,7 ,Mojito original,2010,Januar,290
7,8 ,'57 Chevy,2010,Januar,251
8,9 ,Seven and Seven,2010,Januar,237
9,10 ,White Russian (der Echte!),2010,Januar,207
0,1 ,Sex On The Beach,2010,Februar,617
1,2 ,Caipirinha,2010,Februar,388
2,3 ,Long Island Icetea,2010,Februar,375
3,4 ,Zombie,2010,Februar,354
4,5 ,Mai Tai,2010,Februar,347
5,6 ,Baby Aspirin,2010,Februar,311
6,7 ,Mojito original,2010,Februar,280
7,8 ,'57 Chevy,2010,Februar,236
8,9 ,Seven and Seven,2010,Februar,178
9,10 ,Sex On The Beach 3,2010,Februar,173
0,1 ,Sex On The Beach,2010,März,649
1,2 ,Zombie,2010,März,402
2,3 ,Caipirinha,2010,März,402
3,4 ,Long Island Icetea,2010,März,390
4,5 ,Mai Tai,2010,März,372
5,6 ,Baby Aspirin,2010,März,359
6,7 ,Mojito original,2010,März,309
7,8 ,'57 Chevy,2010,März,263
8,9 ,Sex On The Beach 3,2010,März,179
9,10 ,White Russian (der Echte!),2010,März,174
0,1 ,Sex On The Beach,2010,April,550
1,2 ,Long Island Icetea,2010,April,386
2,3 ,Zombie,2010,April,358
3,4 ,Caipirinha,2010,April,352
4,5 ,Mai Tai,2010,April,338
5,6 ,Baby Aspirin,2010,April,320
6,7 ,'57 Chevy,2010,April,215
7,8 ,Sex On The Beach 3,2010,April,174
8,9 ,Strawberry Pineapple Milk Shake,2010,April,173
9,10 ,Highfly,2010,April,156
0,1 ,Sex On The Beach,2010,Mai,621
1,2 ,Caipirinha,2010,Mai,410
2,3 ,Long Island Icetea,2010,Mai,379
3,4 ,Mai Tai,2010,Mai,367
4,5 ,Baby Aspirin,2010,Mai,362
5,6 ,Zombie,2010,Mai,361
6,7 ,Mojito original,2010,Mai,354
7,8 ,'57 Chevy,2010,Mai,231
8,9 ,Sex On The Beach 3,2010,Mai,187
9,10 ,Mojito,2010,Mai,173
0,1 ,Sex On The Beach,2010,Juni,555
1,2 ,Long Island Icetea,2010,Juni,351
2,3 ,Mojito original,2010,Juni,350
3,4 ,Caipirinha,2010,Juni,345
4,5 ,Baby Aspirin,2010,Juni,321
5,6 ,Mai Tai,2010,Juni,314
6,7 ,Zombie,2010,Juni,292
7,8 ,Mojito,2010,Juni,191
8,9 ,'57 Chevy,2010,Juni,180
9,10 ,Sex On The Beach 3,2010,Juni,178
0,1 ,Sex On The Beach,2010,Juli,431
1,2 ,Caipirinha,2010,Juli,355
2,3 ,Mojito original,2010,Juli,333
3,4 ,Baby Aspirin,2010,Juli,286
4,5 ,Long Island Icetea,2010,Juli,283
5,6 ,Zombie,2010,Juli,276
6,7 ,Mai Tai,2010,Juli,271
7,8 ,'57 Chevy,2010,Juli,196
8,9 ,Mojito,2010,Juli,161
9,10 ,Highfly,2010,Juli,160
0,1 ,Sex On The Beach,2010,August,606
1,2 ,Caipirinha,2010,August,460
2,3 ,Baby Aspirin,2010,August,429
3,4 ,Long Island Icetea,2010,August,428
4,5 ,Mai Tai,2010,August,417
5,6 ,Zombie,2010,August,405
6,7 ,Mojito original,2010,August,360
7,8 ,Highfly,2010,August,294
8,9 ,'57 Chevy,2010,August,285
9,10 ,Piña Colada,2010,August,248
0,1 ,Sex On The Beach,2010,September,596
1,2 ,Caipirinha,2010,September,405
2,3 ,Baby Aspirin,2010,September,403
3,4 ,Long Island Icetea,2010,September,393
4,5 ,Mai Tai,2010,September,370
5,6 ,Zombie,2010,September,347
6,7 ,Mojito original,2010,September,291
7,8 ,'57 Chevy,2010,September,259
8,9 ,Highfly,2010,September,251
9,10 ,Piña Colada,2010,September,188
0,1 ,Sex On The Beach,2010,Oktober,567
1,2 ,Caipirinha,2010,Oktober,377
2,3 ,Mai Tai,2010,Oktober,373
3,4 ,Long Island Icetea,2010,Oktober,367
4,5 ,Baby Aspirin,2010,Oktober,349
5,6 ,Zombie,2010,Oktober,348
6,7 ,Mojito original,2010,Oktober,288
7,8 ,'57 Chevy,2010,Oktober,258
8,9 ,Highfly,2010,Oktober,234
9,10 ,Piña Colada,2010,Oktober,169
0,1 ,Sex On The Beach,2010,November,569
1,2 ,Long Island Icetea,2010,November,367
2,3 ,Baby Aspirin,2010,November,362
3,4 ,Caipirinha,2010,November,362
4,5 ,Zombie,2010,November,355
5,6 ,Mai Tai,2010,November,349
6,7 ,Mojito original,2010,November,271
7,8 ,'57 Chevy,2010,November,241
8,9 ,Highfly,2010,November,231
9,10 ,Piña Colada,2010,November,172
0,1 ,Sex On The Beach,2010,Dezember,530
1,2 ,Baby Aspirin,2010,Dezember,382
2,3 ,Long Island Icetea,2010,Dezember,365
3,4 ,Mai Tai,2010,Dezember,363
4,5 ,Caipirinha,2010,Dezember,356
5,6 ,Zombie,2010,Dezember,339
6,7 ,Mojito original,2010,Dezember,306
7,8 ,'57 Chevy,2010,Dezember,248
8,9 ,Highfly,2010,Dezember,248
9,10 ,Piña Colada,2010,Dezember,192
0,1 ,Sex On The Beach,2011,total,5881
1,2 ,Baby Aspirin,2011,total,4210
2,3 ,Caipirinha,2011,total,3985
3,4 ,Long Island Icetea,2011,total,3946
4,5 ,Mai Tai,2011,total,3913
5,6 ,Zombie,2011,total,3815
6,7 ,Mojito original,2011,total,3319
7,8 ,Piña Colada,2011,total,3074
8,9 ,'57 Chevy,2011,total,2875
9,10 ,Highfly,2011,total,2819
0,1 ,Grand Slam Trend,2011,Januar,1955
1,2 ,Sex On The Beach,2011,Januar,560
2,3 ,Baby Aspirin,2011,Januar,407
3,4 ,Mai Tai,2011,Januar,385
4,5 ,Caipirinha,2011,Januar,372
5,6 ,Long Island Icetea,2011,Januar,349
6,7 ,Zombie,2011,Januar,348
7,8 ,Mojito original,2011,Januar,292
8,9 ,'57 Chevy,2011,Januar,280
9,10 ,Highfly,2011,Januar,268
0,1 ,Sex On The Beach,2011,Februar,531
1,2 ,Baby Aspirin,2011,Februar,356
2,3 ,Caipirinha,2011,Februar,339
3,4 ,Long Island Icetea,2011,Februar,324
4,5 ,Mai Tai,2011,Februar,318
5,6 ,Zombie,2011,Februar,313
6,7 ,Mojito original,2011,Februar,255
7,8 ,'57 Chevy,2011,Februar,248
8,9 ,Highfly,2011,Februar,217
9,10 ,Piña Colada,2011,Februar,192
0,1 ,Sex On The Beach,2011,März,530
1,2 ,Baby Aspirin,2011,März,387
2,3 ,Mai Tai,2011,März,366
3,4 ,Long Island Icetea,2011,März,355
4,5 ,Caipirinha,2011,März,353
5,6 ,Zombie,2011,März,352
6,7 ,Mojito original,2011,März,259
7,8 ,'57 Chevy,2011,März,251
8,9 ,Highfly,2011,März,250
9,10 ,Irish Flag (alkoholisch),2011,März,194
0,1 ,Sex On The Beach,2011,April,489
1,2 ,Long Island Icetea,2011,April,341
2,3 ,Caipirinha,2011,April,336
3,4 ,Zombie,2011,April,327
4,5 ,Baby Aspirin,2011,April,326
5,6 ,Mai Tai,2011,April,314
6,7 ,Highfly,2011,April,265
7,8 ,Mojito original,2011,April,254
8,9 ,'57 Chevy,2011,April,242
9,10 ,Piña Colada,2011,April,200
0,1 ,Sex On The Beach,2011,Mai,554
1,2 ,Caipirinha,2011,Mai,378
2,3 ,Baby Aspirin,2011,Mai,359
3,4 ,Long Island Icetea,2011,Mai,356
4,5 ,Mai Tai,2011,Mai,336
5,6 ,Zombie,2011,Mai,326
6,7 ,Mojito original,2011,Mai,320
7,8 ,'57 Chevy,2011,Mai,251
8,9 ,Highfly,2011,Mai,236
9,10 ,Piña Colada,2011,Mai,184
0,1 ,Sex On The Beach,2011,Juni,607
1,2 ,Long Island Icetea,2011,Juni,427
2,3 ,Caipirinha,2011,Juni,424
3,4 ,Baby Aspirin,2011,Juni,410
4,5 ,Mai Tai,2011,Juni,406
5,6 ,Zombie,2011,Juni,391
6,7 ,Mojito original,2011,Juni,391
7,8 ,'57 Chevy,2011,Juni,288
8,9 ,Highfly,2011,Juni,284
9,10 ,Piña Colada,2011,Juni,222
0,1 ,Sex On The Beach,2011,Juli,520
1,2 ,Baby Aspirin,2011,Juli,388
2,3 ,Mai Tai,2011,Juli,378
3,4 ,Long Island Icetea,2011,Juli,358
4,5 ,Caipirinha,2011,Juli,355
5,6 ,Zombie,2011,Juli,333
6,7 ,Mojito original,2011,Juli,322
7,8 ,'57 Chevy,2011,Juli,240
8,9 ,Highfly,2011,Juli,236
9,10 ,Piña Colada,2011,Juli,194
0,1 ,Piña Colada,2011,August,1024
1,2 ,Sex On The Beach,2011,August,460
2,3 ,Absinth,2011,August,391
3,4 ,Baby Aspirin,2011,August,331
4,5 ,Long Island Icetea,2011,August,330
5,6 ,Mai Tai,2011,August,325
6,7 ,Caipirinha,2011,August,303
7,8 ,Zombie,2011,August,279
8,9 ,Mojito original,2011,August,254
9,10 ,'57 Chevy,2011,August,220
0,1 ,Sex On The Beach,2011,September,398
1,2 ,Baby Aspirin,2011,September,296
2,3 ,Caipirinha,2011,September,290
3,4 ,Zombie,2011,September,279
4,5 ,Long Island Icetea,2011,September,277
5,6 ,Mojito original,2011,September,259
6,7 ,Mai Tai,2011,September,255
7,8 ,Highfly,2011,September,218
8,9 ,'57 Chevy,2011,September,211
9,10 ,Piña Colada,2011,September,174
0,1 ,Sex On The Beach,2011,Oktober,445
1,2 ,Baby Aspirin,2011,Oktober,347
2,3 ,Zombie,2011,Oktober,321
3,4 ,Mojito original,2011,Oktober,321
4,5 ,Long Island Icetea,2011,Oktober,309
5,6 ,Caipirinha,2011,Oktober,301
6,7 ,Mai Tai,2011,Oktober,298
7,8 ,Highfly,2011,Oktober,240
8,9 ,Kamikaze Shot,2011,Oktober,239
9,10 ,'57 Chevy,2011,Oktober,230
0,1 ,Sex On The Beach,2011,November,404
1,2 ,Baby Aspirin,2011,November,314
2,3 ,Caipirinha,2011,November,269
3,4 ,Zombie,2011,November,267
4,5 ,Long Island Icetea,2011,November,260
5,6 ,Mai Tai,2011,November,245
6,7 ,Kamikaze Shot,2011,November,227
7,8 ,'57 Chevy,2011,November,220
8,9 ,Highfly,2011,November,200
9,10 ,Mojito original,2011,November,186
0,1 ,Sex On The Beach,2011,Dezember,383
1,2 ,Baby Aspirin,2011,Dezember,289
2,3 ,Mai Tai,2011,Dezember,287
3,4 ,Zombie,2011,Dezember,279
4,5 ,Caipirinha,2011,Dezember,265
5,6 ,Long Island Icetea,2011,Dezember,260
6,7 ,Irish Flag (alkoholisch),2011,Dezember,242
7,8 ,Mojito original,2011,Dezember,206
8,9 ,Highfly,2011,Dezember,197
9,10 ,'57 Chevy,2011,Dezember,194
0,1 ,Sex On The Beach,2012,total,4939
1,2 ,Baby Aspirin,2012,total,3824
2,3 ,Mai Tai,2012,total,3591
3,4 ,Irish Flag (alkoholisch),2012,total,3447
4,5 ,Caipirinha,2012,total,3374
5,6 ,Zombie,2012,total,3230
6,7 ,Long Island Icetea,2012,total,3227
7,8 ,Mojito original,2012,total,2949
8,9 ,'57 Chevy,2012,total,2631
9,10 ,Highfly,2012,total,2628
0,1 ,Sex On The Beach,2012,Januar,474
1,2 ,Baby Aspirin,2012,Januar,353
2,3 ,Mai Tai,2012,Januar,319
3,4 ,Long Island Icetea,2012,Januar,309
4,5 ,Caipirinha,2012,Januar,309
5,6 ,Zombie,2012,Januar,295
6,7 ,Irish Flag (alkoholisch),2012,Januar,233
7,8 ,Highfly,2012,Januar,214
8,9 ,Mojito original,2012,Januar,212
9,10 ,Kamikaze Shot,2012,Januar,190
0,1 ,Sex On The Beach,2012,Februar,393
1,2 ,Baby Aspirin,2012,Februar,305
2,3 ,Mai Tai,2012,Februar,290
3,4 ,Zombie,2012,Februar,281
4,5 ,Caipirinha,2012,Februar,269
5,6 ,Long Island Icetea,2012,Februar,265
6,7 ,'57 Chevy,2012,Februar,211
7,8 ,Mojito original,2012,Februar,208
8,9 ,Irish Flag (alkoholisch),2012,Februar,208
9,10 ,Highfly,2012,Februar,191
0,1 ,Irish Flag (alkoholisch),2012,März,499
1,2 ,Sex On The Beach,2012,März,410
2,3 ,Baby Aspirin,2012,März,295
3,4 ,Caipirinha,2012,März,265
4,5 ,Mai Tai,2012,März,263
5,6 ,Long Island Icetea,2012,März,254
6,7 ,Zombie,2012,März,244
7,8 ,'57 Chevy,2012,März,215
8,9 ,Mojito original,2012,März,205
9,10 ,Highfly,2012,März,205
0,1 ,Sex On The Beach,2012,April,433
1,2 ,Baby Aspirin,2012,April,416
2,3 ,Mai Tai,2012,April,365
3,4 ,Zombie,2012,April,315
4,5 ,Long Island Icetea,2012,April,309
5,6 ,Mojito original,2012,April,303
6,7 ,Caipirinha,2012,April,288
7,8 ,Highfly,2012,April,250
8,9 ,'57 Chevy,2012,April,239
9,10 ,Irish Flag (alkoholisch),2012,April,213
0,1 ,Sex On The Beach,2012,Mai,443
1,2 ,Baby Aspirin,2012,Mai,307
2,3 ,Mai Tai,2012,Mai,284
3,4 ,Caipirinha,2012,Mai,276
4,5 ,Mojito original,2012,Mai,265
5,6 ,Zombie,2012,Mai,259
6,7 ,Long Island Icetea,2012,Mai,253
7,8 ,'57 Chevy,2012,Mai,225
8,9 ,Highfly,2012,Mai,222
9,10 ,Irish Flag (alkoholisch),2012,Mai,221
0,1 ,Sex On The Beach,2012,Juni,411
1,2 ,Caipirinha,2012,Juni,316
2,3 ,Mai Tai,2012,Juni,312
3,4 ,Baby Aspirin,2012,Juni,311
4,5 ,Long Island Icetea,2012,Juni,274
5,6 ,Mojito original,2012,Juni,267
6,7 ,Zombie,2012,Juni,257
7,8 ,Irish Flag (alkoholisch),2012,Juni,213
8,9 ,'57 Chevy,2012,Juni,211
9,10 ,Highfly,2012,Juni,207
0,1 ,Sex On The Beach,2012,Juli,433
1,2 ,Baby Aspirin,2012,Juli,367
2,3 ,Mai Tai,2012,Juli,366
3,4 ,Caipirinha,2012,Juli,342
4,5 ,'57 Chevy,2012,Juli,322
5,6 ,Zombie,2012,Juli,316
6,7 ,Mojito original,2012,Juli,311
7,8 ,Long Island Icetea,2012,Juli,292
8,9 ,Highfly,2012,Juli,261
9,10 ,Irish Flag (alkoholisch),2012,Juli,246
0,1 ,Sex On The Beach,2012,August,436
1,2 ,Baby Aspirin,2012,August,326
2,3 ,Mai Tai,2012,August,302
3,4 ,Caipirinha,2012,August,301
4,5 ,Mojito original,2012,August,274
5,6 ,Zombie,2012,August,270
6,7 ,Irish Flag (alkoholisch),2012,August,260
7,8 ,Long Island Icetea,2012,August,259
8,9 ,Highfly,2012,August,240
9,10 ,'57 Chevy,2012,August,232
0,1 ,Sex On The Beach,2012,September,380
1,2 ,Baby Aspirin,2012,September,276
2,3 ,Caipirinha,2012,September,267
3,4 ,Irish Flag (alkoholisch),2012,September,266
4,5 ,Mai Tai,2012,September,259
5,6 ,Long Island Icetea,2012,September,248
6,7 ,Zombie,2012,September,247
7,8 ,Mojito original,2012,September,211
8,9 ,Highfly,2012,September,210
9,10 ,'57 Chevy,2012,September,197
0,1 ,Sex On The Beach,2012,Oktober,376
1,2 ,Baby Aspirin,2012,Oktober,322
2,3 ,Irish Flag (alkoholisch),2012,Oktober,322
3,4 ,Mai Tai,2012,Oktober,271
4,5 ,Caipirinha,2012,Oktober,256
5,6 ,Long Island Icetea,2012,Oktober,248
6,7 ,Mojito original,2012,Oktober,245
7,8 ,Highfly,2012,Oktober,234
8,9 ,Zombie,2012,Oktober,227
9,10 ,'57 Chevy,2012,Oktober,205
0,1 ,Sex On The Beach,2012,November,357
1,2 ,Irish Flag (alkoholisch),2012,November,319
2,3 ,Baby Aspirin,2012,November,268
3,4 ,Mai Tai,2012,November,255
4,5 ,Zombie,2012,November,244
5,6 ,Long Island Icetea,2012,November,233
6,7 ,Caipirinha,2012,November,227
7,8 ,Mojito original,2012,November,211
8,9 ,'57 Chevy,2012,November,199
9,10 ,Highfly,2012,November,194
0,1 ,Irish Flag (alkoholisch),2012,Dezember,447
1,2 ,Sex On The Beach,2012,Dezember,393
2,3 ,Mai Tai,2012,Dezember,305
3,4 ,Long Island Icetea,2012,Dezember,283
4,5 ,Baby Aspirin,2012,Dezember,278
5,6 ,Zombie,2012,Dezember,275
6,7 ,Caipirinha,2012,Dezember,258
7,8 ,Mojito original,2012,Dezember,237
8,9 ,Highfly,2012,Dezember,200
9,10 ,'57 Chevy,2012,Dezember,192
0,1 ,Irish Flag (alkoholisch),2013,total,4123
1,2 ,Sex On The Beach,2013,total,3888
2,3 ,Baby Aspirin,2013,total,3247
3,4 ,Mai Tai,2013,total,2838
4,5 ,Zombie,2013,total,2814
5,6 ,Long Island Icetea,2013,total,2770
6,7 ,Caipirinha,2013,total,2769
7,8 ,Mojito original,2013,total,2464
8,9 ,'57 Chevy,2013,total,2263
9,10 ,Highfly,2013,total,2099
0,1 ,Sex On The Beach,2013,Januar,420
1,2 ,Baby Aspirin,2013,Januar,312
2,3 ,Irish Flag (alkoholisch),2013,Januar,311
3,4 ,Long Island Icetea,2013,Januar,295
4,5 ,Caipirinha,2013,Januar,284
5,6 ,Mai Tai,2013,Januar,276
6,7 ,Zombie,2013,Januar,261
7,8 ,Mojito original,2013,Januar,230
8,9 ,Highfly,2013,Januar,206
9,10 ,'57 Chevy,2013,Januar,204
0,1 ,Sex On The Beach,2013,Februar,385
1,2 ,Baby Aspirin,2013,Februar,340
2,3 ,Irish Flag (alkoholisch),2013,Februar,320
3,4 ,Zombie,2013,Februar,276
4,5 ,Long Island Icetea,2013,Februar,274
5,6 ,Mai Tai,2013,Februar,273
6,7 ,Caipirinha,2013,Februar,272
7,8 ,'57 Chevy,2013,Februar,241
8,9 ,Mojito original,2013,Februar,234
9,10 ,Highfly,2013,Februar,226
0,1 ,Irish Flag (alkoholisch),2013,März,563
1,2 ,Sex On The Beach,2013,März,374
2,3 ,Baby Aspirin,2013,März,320
3,4 ,Mai Tai,2013,März,297
4,5 ,Zombie,2013,März,296
5,6 ,Caipirinha,2013,März,274
6,7 ,Long Island Icetea,2013,März,261
7,8 ,'57 Chevy,2013,März,241
8,9 ,Mojito original,2013,März,226
9,10 ,Highfly,2013,März,201
0,1 ,Sex On The Beach,2013,April,307
1,2 ,Baby Aspirin,2013,April,279
2,3 ,Irish Flag (alkoholisch),2013,April,264
3,4 ,Long Island Icetea,2013,April,214
4,5 ,Mai Tai,2013,April,212
5,6 ,Zombie,2013,April,200
6,7 ,Caipirinha,2013,April,198
7,8 ,'57 Chevy,2013,April,183
8,9 ,Mojito original,2013,April,169
9,10 ,Highfly,2013,April,163
0,1 ,Sex On The Beach,2013,Mai,277
1,2 ,Irish Flag (alkoholisch),2013,Mai,247
2,3 ,Baby Aspirin,2013,Mai,239
3,4 ,Caipirinha,2013,Mai,227
4,5 ,Mai Tai,2013,Mai,225
5,6 ,Mojito original,2013,Mai,216
6,7 ,Zombie,2013,Mai,210
7,8 ,Long Island Icetea,2013,Mai,184
8,9 ,'57 Chevy,2013,Mai,161
9,10 ,Highfly,2013,Mai,131
0,1 ,Sex On The Beach,2013,Juni,310
1,2 ,Irish Flag (alkoholisch),2013,Juni,266
2,3 ,Baby Aspirin,2013,Juni,235
3,4 ,Caipirinha,2013,Juni,228
4,5 ,Long Island Icetea,2013,Juni,224
5,6 ,Mojito original,2013,Juni,214
6,7 ,Zombie,2013,Juni,211
7,8 ,Mai Tai,2013,Juni,210
8,9 ,'57 Chevy,2013,Juni,167
9,10 ,Highfly,2013,Juni,162
0,1 ,Sex On The Beach,2013,Juli,353
1,2 ,Caipirinha,2013,Juli,292
2,3 ,Baby Aspirin,2013,Juli,287
3,4 ,Mojito original,2013,Juli,269
4,5 ,Long Island Icetea,2013,Juli,264
5,6 ,Mai Tai,2013,Juli,262
6,7 ,Zombie,2013,Juli,255
7,8 ,Irish Flag (alkoholisch),2013,Juli,214
8,9 ,'57 Chevy,2013,Juli,193
9,10 ,Highfly,2013,Juli,187
0,1 ,Sex On The Beach,2013,August,320
1,2 ,Irish Flag (alkoholisch),2013,August,316
2,3 ,Baby Aspirin,2013,August,283
3,4 ,Zombie,2013,August,274
4,5 ,Long Island Icetea,2013,August,253
5,6 ,Mai Tai,2013,August,248
6,7 ,Mojito original,2013,August,246
7,8 ,Caipirinha,2013,August,242
8,9 ,'57 Chevy,2013,August,202
9,10 ,Highfly,2013,August,197
0,1 ,Irish Flag (alkoholisch),2013,September,294
1,2 ,Sex On The Beach,2013,September,243
2,3 ,Baby Aspirin,2013,September,216
3,4 ,Mai Tai,2013,September,189
4,5 ,Zombie,2013,September,175
5,6 ,Caipirinha,2013,September,175
6,7 ,Long Island Icetea,2013,September,161
7,8 ,'57 Chevy,2013,September,146
8,9 ,Mojito original,2013,September,143
9,10 ,Highfly,2013,September,132
0,1 ,Irish Flag (alkoholisch),2013,Oktober,429
1,2 ,Sex On The Beach,2013,Oktober,304
2,3 ,Baby Aspirin,2013,Oktober,250
3,4 ,Mai Tai,2013,Oktober,223
4,5 ,Zombie,2013,Oktober,221
5,6 ,Long Island Icetea,2013,Oktober,215
6,7 ,Caipirinha,2013,Oktober,197
7,8 ,'57 Chevy,2013,Oktober,188
8,9 ,Highfly,2013,Oktober,177
9,10 ,Mojito original,2013,Oktober,176
0,1 ,Irish Flag (alkoholisch),2013,November,397
1,2 ,Sex On The Beach,2013,November,304
2,3 ,Baby Aspirin,2013,November,238
3,4 ,Zombie,2013,November,230
4,5 ,Mai Tai,2013,November,199
5,6 ,Long Island Icetea,2013,November,196
6,7 ,Caipirinha,2013,November,179
7,8 ,'57 Chevy,2013,November,172
8,9 ,Mojito original,2013,November,161
9,10 ,Highfly,2013,November,158
0,1 ,Irish Flag (alkoholisch),2013,Dezember,502
1,2 ,Sex On The Beach,2013,Dezember,291
2,3 ,Baby Aspirin,2013,Dezember,248
3,4 ,Long Island Icetea,2013,Dezember,229
4,5 ,Mai Tai,2013,Dezember,224
5,6 ,Zombie,2013,Dezember,205
6,7 ,Caipirinha,2013,Dezember,201
7,8 ,Mojito original,2013,Dezember,180
8,9 ,'57 Chevy,2013,Dezember,165
9,10 ,Highfly,2013,Dezember,159
0,1 ,Irish Flag (alkoholisch),2014,total,4059
1,2 ,Sex On The Beach,2014,total,2855
2,3 ,Baby Aspirin,2014,total,2472
3,4 ,Long Island Icetea,2014,total,2053
4,5 ,Caipirinha,2014,total,2038
5,6 ,Zombie,2014,total,2006
6,7 ,Mojito original,2014,total,2001
7,8 ,Mai Tai,2014,total,1987
8,9 ,'57 Chevy,2014,total,1738
9,10 ,Highfly,2014,total,1536
0,1 ,Wiki Waki Woo,2014,Januar,559
1,2 ,Irish Flag (alkoholisch),2014,Januar,421
2,3 ,Mojito original,2014,Januar,350
3,4 ,Sex On The Beach,2014,Januar,275
4,5 ,Baby Aspirin,2014,Januar,227
5,6 ,Zombie,2014,Januar,210
6,7 ,Mai Tai,2014,Januar,206
7,8 ,Long Island Icetea,2014,Januar,200
8,9 ,Caipirinha,2014,Januar,196
9,10 ,'57 Chevy,2014,Januar,169
0,1 ,Irish Flag (alkoholisch),2014,Februar,323
1,2 ,Sex On The Beach,2014,Februar,247
2,3 ,Baby Aspirin,2014,Februar,215
3,4 ,Long Island Icetea,2014,Februar,182
4,5 ,'57 Chevy,2014,Februar,182
5,6 ,Mai Tai,2014,Februar,175
6,7 ,Zombie,2014,Februar,174
7,8 ,Caipirinha,2014,Februar,165
8,9 ,Highfly,2014,Februar,152
9,10 ,Mojito original,2014,Februar,148
0,1 ,Irish Flag (alkoholisch),2014,März,450
1,2 ,Sex On The Beach,2014,März,274
2,3 ,Baby Aspirin,2014,März,193
3,4 ,Long Island Icetea,2014,März,191
4,5 ,Zombie,2014,März,179
5,6 ,Mai Tai,2014,März,172
6,7 ,Caipirinha,2014,März,166
7,8 ,Mojito original,2014,März,150
8,9 ,'57 Chevy,2014,März,149
9,10 ,Highfly,2014,März,126
0,1 ,Irish Flag (alkoholisch),2014,April,368
1,2 ,Sex On The Beach,2014,April,205
2,3 ,Baby Aspirin,2014,April,196
3,4 ,Zombie,2014,April,160
4,5 ,Mai Tai,2014,April,147
5,6 ,Long Island Icetea,2014,April,144
6,7 ,Mojito original,2014,April,138
7,8 ,Caipirinha,2014,April,134
8,9 ,'57 Chevy,2014,April,131
9,10 ,Highfly,2014,April,107
0,1 ,Irish Flag (alkoholisch),2014,Mai,387
1,2 ,Sex On The Beach,2014,Mai,281
2,3 ,Baby Aspirin,2014,Mai,227
3,4 ,Long Island Icetea,2014,Mai,187
4,5 ,Zombie,2014,Mai,179
5,6 ,Caipirinha,2014,Mai,176
6,7 ,Mai Tai,2014,Mai,174
7,8 ,Mojito original,2014,Mai,172
8,9 ,'57 Chevy,2014,Mai,171
9,10 ,Highfly,2014,Mai,142
0,1 ,Sex On The Beach,2014,Juni,290
1,2 ,Irish Flag (alkoholisch),2014,Juni,286
2,3 ,Mojito original,2014,Juni,234
3,4 ,Baby Aspirin,2014,Juni,223
4,5 ,Caipirinha,2014,Juni,217
5,6 ,Mai Tai,2014,Juni,204
6,7 ,Long Island Icetea,2014,Juni,200
7,8 ,Zombie,2014,Juni,193
8,9 ,'57 Chevy,2014,Juni,162
9,10 ,Highfly,2014,Juni,155
0,1 ,Irish Flag (alkoholisch),2014,Juli,309
1,2 ,Sex On The Beach,2014,Juli,267
2,3 ,Caipirinha,2014,Juli,245
3,4 ,Baby Aspirin,2014,Juli,219
4,5 ,Mojito original,2014,Juli,180
5,6 ,Mai Tai,2014,Juli,172
6,7 ,Long Island Icetea,2014,Juli,161
7,8 ,Zombie,2014,Juli,161
8,9 ,Highfly,2014,Juli,132
9,10 ,'57 Chevy,2014,Juli,130
0,1 ,Irish Flag (alkoholisch),2014,August,367
1,2 ,Baby Aspirin,2014,August,190
2,3 ,Sex On The Beach,2014,August,188
3,4 ,Caipirinha,2014,August,172
4,5 ,Mai Tai,2014,August,166
5,6 ,Zombie,2014,August,158
6,7 ,Mojito original,2014,August,152
7,8 ,Long Island Icetea,2014,August,141
8,9 ,'57 Chevy,2014,August,136
9,10 ,Highfly,2014,August,112
0,1 ,Irish Flag (alkoholisch),2014,September,295
1,2 ,Baby Aspirin,2014,September,176
2,3 ,Sex On The Beach,2014,September,165
3,4 ,Zombie,2014,September,130
4,5 ,Mai Tai,2014,September,122
5,6 ,Long Island Icetea,2014,September,119
6,7 ,Caipirinha,2014,September,114
7,8 ,Mojito original,2014,September,107
8,9 ,Bull Shot,2014,September,107
9,10 ,'57 Chevy,2014,September,103
0,1 ,Irish Flag (alkoholisch),2014,Oktober,294
1,2 ,Sex On The Beach,2014,Oktober,202
2,3 ,Baby Aspirin,2014,Oktober,195
3,4 ,Long Island Icetea,2014,Oktober,163
4,5 ,Caipirinha,2014,Oktober,144
5,6 ,Mojito original,2014,Oktober,138
6,7 ,'57 Chevy,2014,Oktober,135
7,8 ,Mai Tai,2014,Oktober,131
8,9 ,Zombie,2014,Oktober,129
9,10 ,Highfly,2014,Oktober,109
0,1 ,Irish Flag (alkoholisch),2014,November,289
1,2 ,Sex On The Beach,2014,November,193
2,3 ,Baby Aspirin,2014,November,174
3,4 ,Long Island Icetea,2014,November,161
4,5 ,Zombie,2014,November,141
5,6 ,Mai Tai,2014,November,132
6,7 ,Caipirinha,2014,November,117
7,8 ,'57 Chevy,2014,November,114
8,9 ,Highfly,2014,November,103
9,10 ,Mojito original,2014,November,99
0,1 ,Irish Flag (alkoholisch),2014,Dezember,270
1,2 ,Sex On The Beach,2014,Dezember,268
2,3 ,Baby Aspirin,2014,Dezember,237
3,4 ,Long Island Icetea,2014,Dezember,204
4,5 ,Zombie,2014,Dezember,192
5,6 ,Caipirinha,2014,Dezember,192
6,7 ,Mai Tai,2014,Dezember,186
7,8 ,Highfly,2014,Dezember,160
8,9 ,'57 Chevy,2014,Dezember,156
9,10 ,Mojito original,2014,Dezember,133
0,1 ,Sex On The Beach,2015,total,2331
1,2 ,Baby Aspirin,2015,total,2211
2,3 ,Irish Flag (alkoholisch),2015,total,1763
3,4 ,Mai Tai,2015,total,1762
4,5 ,Zombie,2015,total,1715
5,6 ,Long Island Icetea,2015,total,1657
6,7 ,Caipirinha,2015,total,1651
7,8 ,'57 Chevy,2015,total,1467
8,9 ,Highfly,2015,total,1455
9,10 ,Mojito original,2015,total,1417
0,1 ,Sex On The Beach,2015,Januar,290
1,2 ,Baby Aspirin,2015,Januar,242
2,3 ,Zombie,2015,Januar,206
3,4 ,Long Island Icetea,2015,Januar,196
4,5 ,Caipirinha,2015,Januar,196
5,6 ,Mai Tai,2015,Januar,189
6,7 ,Irish Flag (alkoholisch),2015,Januar,182
7,8 ,'57 Chevy,2015,Januar,170
8,9 ,Highfly,2015,Januar,160
9,10 ,Mojito original,2015,Januar,140
0,1 ,Sex On The Beach,2015,Februar,253
1,2 ,Baby Aspirin,2015,Februar,211
2,3 ,Mai Tai,2015,Februar,171
3,4 ,Long Island Icetea,2015,Februar,162
4,5 ,Caipirinha,2015,Februar,155
5,6 ,Zombie,2015,Februar,154
6,7 ,'57 Chevy,2015,Februar,141
7,8 ,Irish Flag (alkoholisch),2015,Februar,125
8,9 ,Mojito original,2015,Februar,124
9,10 ,Highfly,2015,Februar,118
0,1 ,Baby Aspirin,2015,März,215
1,2 ,Sex On The Beach,2015,März,197
2,3 ,Mai Tai,2015,März,153
3,4 ,Long Island Icetea,2015,März,143
4,5 ,'57 Chevy,2015,März,143
5,6 ,Zombie,2015,März,142
6,7 ,Irish Flag (alkoholisch),2015,März,140
7,8 ,Caipirinha,2015,März,129
8,9 ,Highfly,2015,März,124
9,10 ,Mojito original,2015,März,109
0,1 ,Sex On The Beach,2015,April,180
1,2 ,Baby Aspirin,2015,April,173
2,3 ,Caipirinha,2015,April,143
3,4 ,Mai Tai,2015,April,136
4,5 ,Zombie,2015,April,131
5,6 ,Long Island Icetea,2015,April,124
6,7 ,'57 Chevy,2015,April,123
7,8 ,Highfly,2015,April,115
8,9 ,Irish Flag (alkoholisch),2015,April,113
9,10 ,Mojito original,2015,April,109
0,1 ,Sex On The Beach,2015,Mai,200
1,2 ,Baby Aspirin,2015,Mai,184
2,3 ,Mai Tai,2015,Mai,155
3,4 ,Zombie,2015,Mai,153
4,5 ,Mojito original,2015,Mai,133
5,6 ,'57 Chevy,2015,Mai,132
6,7 ,Long Island Icetea,2015,Mai,130
7,8 ,Caipirinha,2015,Mai,129
8,9 ,Highfly,2015,Mai,127
9,10 ,Irish Flag (alkoholisch),2015,Mai,105
0,1 ,Baby Aspirin,2015,Juni,182
1,2 ,Sex On The Beach,2015,Juni,171
2,3 ,Caipirinha,2015,Juni,151
3,4 ,Long Island Icetea,2015,Juni,148
4,5 ,Mojito original,2015,Juni,147
5,6 ,Zombie,2015,Juni,145
6,7 ,Mai Tai,2015,Juni,133
7,8 ,Highfly,2015,Juni,116
8,9 ,'57 Chevy,2015,Juni,113
9,10 ,Irish Flag (alkoholisch),2015,Juni,108
0,1 ,Sex On The Beach,2015,Juli,252
1,2 ,Baby Aspirin,2015,Juli,212
2,3 ,Mai Tai,2015,Juli,170
3,4 ,Caipirinha,2015,Juli,168
4,5 ,Zombie,2015,Juli,163
5,6 ,Long Island Icetea,2015,Juli,155
6,7 ,Highfly,2015,Juli,142
7,8 ,Mojito original,2015,Juli,136
8,9 ,'57 Chevy,2015,Juli,134
9,10 ,Irish Flag (alkoholisch),2015,Juli,120
0,1 ,Baby Aspirin,2015,August,184
1,2 ,Sex On The Beach,2015,August,180
2,3 ,Mai Tai,2015,August,158
3,4 ,Zombie,2015,August,152
4,5 ,Caipirinha,2015,August,137
5,6 ,Highfly,2015,August,129
6,7 ,Long Island Icetea,2015,August,120
7,8 ,Mojito original,2015,August,117
8,9 ,Wild Russian,2015,August,115
9,10 ,'57 Chevy,2015,August,108
0,1 ,Baby Aspirin,2015,September,140
1,2 ,Irish Flag (alkoholisch),2015,September,130
2,3 ,Sex On The Beach,2015,September,116
3,4 ,Zombie,2015,September,106
4,5 ,Bull Shot,2015,September,102
5,6 ,Highfly,2015,September,101
6,7 ,Mai Tai,2015,September,99
7,8 ,Long Island Icetea,2015,September,94
8,9 ,'57 Chevy,2015,September,94
9,10 ,Caipirinha,2015,September,85
0,1 ,Sex On The Beach,2015,Oktober,156
1,2 ,Caipiroska Fragola,2015,Oktober,152
2,3 ,Baby Aspirin,2015,Oktober,149
3,4 ,Irish Flag (alkoholisch),2015,Oktober,138
4,5 ,Bull Shot,2015,Oktober,127
5,6 ,Asti Pink,2015,Oktober,126
6,7 ,Bitter Sweet (Aperitif),2015,Oktober,124
7,8 ,Bamboo (Aperitif),2015,Oktober,123
8,9 ,Mai Tai,2015,Oktober,122
9,10 ,Caipirinha,2015,Oktober,119
0,1 ,Irish Flag (alkoholisch),2015,November,199
1,2 ,Sex On The Beach,2015,November,156
2,3 ,Baby Aspirin,2015,November,144
3,4 ,Long Island Icetea,2015,November,139
4,5 ,Mai Tai,2015,November,130
5,6 ,Bull Shot,2015,November,122
6,7 ,Zombie,2015,November,110
7,8 ,Highfly,2015,November,102
8,9 ,Caipirinha,2015,November,100
9,10 ,'57 Chevy,2015,November,100
0,1 ,Irish Flag (alkoholisch),2015,Dezember,303
1,2 ,Wild Russian,2015,Dezember,235
2,3 ,Sex On The Beach,2015,Dezember,180
3,4 ,Baby Aspirin,2015,Dezember,175
4,5 ,Mai Tai,2015,Dezember,146
5,6 ,Zombie,2015,Dezember,145
6,7 ,Caipirinha,2015,Dezember,139
7,8 ,Long Island Icetea,2015,Dezember,135
8,9 ,Bull Shot,2015,Dezember,128
9,10 ,Mojito original,2015,Dezember,125
0,1 ,Irish Flag (alkoholisch),2016,total,3029
1,2 ,Baby Aspirin,2016,total,1522
2,3 ,Sex On The Beach,2016,total,1482
3,4 ,Caipirinha,2016,total,1224
4,5 ,Zombie,2016,total,1140
5,6 ,Long Island Icetea,2016,total,1122
6,7 ,Mai Tai,2016,total,1111
7,8 ,'57 Chevy,2016,total,1036
8,9 ,Highfly,2016,total,1017
9,10 ,Mojito original,2016,total,984
0,1 ,Irish Flag (alkoholisch),2016,Januar,230
1,2 ,Baby Aspirin,2016,Januar,186
2,3 ,Sex On The Beach,2016,Januar,166
3,4 ,Caipirinha,2016,Januar,146
4,5 ,Mai Tai,2016,Januar,143
5,6 ,Zombie,2016,Januar,141
6,7 ,Wild Russian,2016,Januar,132
7,8 ,Highfly,2016,Januar,130
8,9 ,Mojito original,2016,Januar,128
9,10 ,'57 Chevy,2016,Januar,117
0,1 ,Irish Flag (alkoholisch),2016,Februar,236
1,2 ,Sex On The Beach,2016,Februar,130
2,3 ,Baby Aspirin,2016,Februar,128
3,4 ,Caipirinha,2016,Februar,118
4,5 ,Mai Tai,2016,Februar,116
5,6 ,Wild Russian,2016,Februar,115
6,7 ,Long Island Icetea,2016,Februar,112
7,8 ,Zombie,2016,Februar,111
8,9 ,Highfly,2016,Februar,102
9,10 ,Mojito original,2016,Februar,101
0,1 ,Irish Flag (alkoholisch),2016,März,355
1,2 ,Sex On The Beach,2016,März,135
2,3 ,Baby Aspirin,2016,März,133
3,4 ,Caipirinha,2016,März,94
4,5 ,Bull Shot,2016,März,94
5,6 ,Zombie,2016,März,89
6,7 ,Mai Tai,2016,März,89
7,8 ,Highfly,2016,März,89
8,9 ,Mojito original,2016,März,87
9,10 ,Long Island Icetea,2016,März,86
0,1 ,Irish Flag (alkoholisch),2016,April,221
1,2 ,Sex On The Beach,2016,April,112
2,3 ,Baby Aspirin,2016,April,112
3,4 ,Caipirinha,2016,April,94
4,5 ,Zombie,2016,April,88
5,6 ,Mai Tai,2016,April,88
6,7 ,Long Island Icetea,2016,April,87
7,8 ,'57 Chevy,2016,April,83
8,9 ,Bull Shot,2016,April,80
9,10 ,Wild Russian,2016,April,79
0,1 ,Irish Flag (alkoholisch),2016,Mai,201
1,2 ,Sex On The Beach,2016,Mai,108
2,3 ,Baby Aspirin,2016,Mai,105
3,4 ,Caipirinha,2016,Mai,94
4,5 ,Bull Shot,2016,Mai,83
5,6 ,Long Island Icetea,2016,Mai,82
6,7 ,Mai Tai,2016,Mai,77
7,8 ,Zombie,2016,Mai,74
8,9 ,Mojito original,2016,Mai,72
9,10 ,'57 Chevy,2016,Mai,68
0,1 ,Irish Flag (alkoholisch),2016,Juni,216
1,2 ,Baby Aspirin,2016,Juni,187
2,3 ,911 Targa,2016,Juni,147
3,4 ,1103,2016,Juni,144
4,5 ,After Eight,2016,Juni,140
5,6 ,Caipirinha,2016,Juni,134
6,7 ,Bull Shot,2016,Juni,134
7,8 ,A Day At The Beach,2016,Juni,133
8,9 ,77 Sunset Strip,2016,Juni,132
9,10 ,Absinth,2016,Juni,132
0,1 ,Irish Flag (alkoholisch),2016,Juli,199
1,2 ,Baby Aspirin,2016,Juli,131
2,3 ,Sex On The Beach,2016,Juli,130
3,4 ,Caipirinha,2016,Juli,106
4,5 ,Long Island Icetea,2016,Juli,102
5,6 ,Highfly,2016,Juli,99
6,7 ,'57 Chevy,2016,Juli,98
7,8 ,Zombie,2016,Juli,97
8,9 ,Bull Shot,2016,Juli,97
9,10 ,Piña Colada,2016,Juli,90
0,1 ,Irish Flag (alkoholisch),2016,August,161
1,2 ,Caipirinha,2016,August,115
2,3 ,Sex On The Beach,2016,August,114
3,4 ,Baby Aspirin,2016,August,101
4,5 ,Aperol sour,2016,August,94
5,6 ,Bull Shot,2016,August,88
6,7 ,Zombie,2016,August,85
7,8 ,Mai Tai,2016,August,81
8,9 ,Mojito original,2016,August,80
9,10 ,Long Island Icetea,2016,August,79
0,1 ,Irish Flag (alkoholisch),2016,September,193
1,2 ,Sex On The Beach,2016,September,119
2,3 ,Baby Aspirin,2016,September,108
3,4 ,Long Island Icetea,2016,September,107
4,5 ,Zombie,2016,September,91
5,6 ,'57 Chevy,2016,September,85
6,7 ,Caipirinha,2016,September,84
7,8 ,Mai Tai,2016,September,79
8,9 ,Highfly,2016,September,75
9,10 ,Zerstörer,2016,September,66
0,1 ,Irish Flag (alkoholisch),2016,Oktober,283
1,2 ,Baby Aspirin,2016,Oktober,107
2,3 ,'57 Chevy,2016,Oktober,100
3,4 ,Sex On The Beach,2016,Oktober,94
4,5 ,Mai Tai,2016,Oktober,86
5,6 ,Zombie,2016,Oktober,85
6,7 ,Long Island Icetea,2016,Oktober,83
7,8 ,Omas offenes Bein,2016,Oktober,73
8,9 ,Caipirinha,2016,Oktober,70
9,10 ,Zerstörer,2016,Oktober,68
0,1 ,Irish Flag (alkoholisch),2016,November,264
1,2 ,Sex On The Beach,2016,November,110
2,3 ,Baby Aspirin,2016,November,101
3,4 ,Long Island Icetea,2016,November,77
4,5 ,Zombie,2016,November,74
5,6 ,Caipirinha,2016,November,70
6,7 ,Wild Russian,2016,November,66
7,8 ,'57 Chevy,2016,November,66
8,9 ,Mai Tai,2016,November,66
9,10 ,Zerstörer,2016,November,65
0,1 ,Irish Flag (alkoholisch),2016,Dezember,470
1,2 ,Sex On The Beach,2016,Dezember,143
2,3 ,Baby Aspirin,2016,Dezember,123
3,4 ,Mai Tai,2016,Dezember,108
4,5 ,Zombie,2016,Dezember,107
5,6 ,Long Island Icetea,2016,Dezember,104
6,7 ,Caipirinha,2016,Dezember,99
7,8 ,'57 Chevy,2016,Dezember,91
8,9 ,Highfly,2016,Dezember,87
9,10 ,Mojito original,2016,Dezember,80
0,1 ,Irish Flag (alkoholisch),2017,total,4513
1,2 ,Baby Aspirin,2017,total,1086
2,3 ,Sex On The Beach,2017,total,1030
3,4 ,'57 Chevy,2017,total,918
4,5 ,Mai Tai,2017,total,894
5,6 ,Caipirinha,2017,total,857
6,7 ,Long Island Icetea,2017,total,841
7,8 ,Zombie,2017,total,797
8,9 ,Mojito original,2017,total,750
9,10 ,Highfly,2017,total,726
0,1 ,Irish Flag (alkoholisch),2017,Januar,370
1,2 ,Sex On The Beach,2017,Januar,97
2,3 ,Baby Aspirin,2017,Januar,97
3,4 ,Highfly,2017,Januar,78
4,5 ,Long Island Icetea,2017,Januar,75
5,6 ,'57 Chevy,2017,Januar,74
6,7 ,Zombie,2017,Januar,73
7,8 ,Zerstörer,2017,Januar,69
8,9 ,Caipirinha,2017,Januar,66
9,10 ,Wild Russian,2017,Januar,61
0,1 ,Irish Flag (alkoholisch),2017,Februar,342
1,2 ,Sex On The Beach,2017,Februar,109
2,3 ,Baby Aspirin,2017,Februar,101
3,4 ,Long Island Icetea,2017,Februar,95
4,5 ,Mai Tai,2017,Februar,95
5,6 ,Mojito original,2017,Februar,86
6,7 ,Caipirinha,2017,Februar,82
7,8 ,Zombie,2017,Februar,78
8,9 ,Highfly,2017,Februar,78
9,10 ,'57 Chevy,2017,Februar,69
0,1 ,Irish Flag (alkoholisch),2017,März,608
1,2 ,Baby Aspirin,2017,März,145
2,3 ,Sex On The Beach,2017,März,129
3,4 ,Mai Tai,2017,März,127
4,5 ,Long Island Icetea,2017,März,94
5,6 ,Zombie,2017,März,93
6,7 ,Caipirinha,2017,März,93
7,8 ,'57 Chevy,2017,März,88
8,9 ,Highfly,2017,März,85
9,10 ,James Bond Martini,2017,März,81
0,1 ,Irish Flag (alkoholisch),2017,April,355
1,2 ,Baby Aspirin,2017,April,102
2,3 ,Sex On The Beach,2017,April,92
3,4 ,Mai Tai,2017,April,90
4,5 ,Moscow Mule 2,2017,April,87
5,6 ,'57 Chevy,2017,April,75
6,7 ,London Fog,2017,April,74
7,8 ,Caipirinha,2017,April,74
8,9 ,Mojito original,2017,April,72
9,10 ,Highfly,2017,April,67
0,1 ,Irish Flag (alkoholisch),2017,Mai,294
1,2 ,Fire Bomb,2017,Mai,267
2,3 ,Baby Aspirin,2017,Mai,102
3,4 ,Sex On The Beach,2017,Mai,87
4,5 ,Caipirinha,2017,Mai,86
5,6 ,'57 Chevy,2017,Mai,81
6,7 ,Mai Tai,2017,Mai,76
7,8 ,Highfly,2017,Mai,71
8,9 ,Long Island Icetea,2017,Mai,68
9,10 ,Zombie,2017,Mai,68
0,1 ,Irish Flag (alkoholisch),2017,Juni,326
1,2 ,Sex On The Beach,2017,Juni,86
2,3 ,Baby Aspirin,2017,Juni,82
3,4 ,Caipirinha,2017,Juni,81
4,5 ,Mai Tai,2017,Juni,75
5,6 ,Mojito original,2017,Juni,72
6,7 ,Long Island Icetea,2017,Juni,69
7,8 ,Zombie,2017,Juni,66
8,9 ,'57 Chevy,2017,Juni,63
9,10 ,Highfly,2017,Juni,60
0,1 ,Irish Flag (alkoholisch),2017,Juli,297
1,2 ,'57 Chevy,2017,Juli,89
2,3 ,Baby Aspirin,2017,Juli,71
3,4 ,Caipirinha,2017,Juli,71
4,5 ,Sex On The Beach,2017,Juli,68
5,6 ,Mai Tai,2017,Juli,66
6,7 ,Mojito original,2017,Juli,63
7,8 ,Long Island Icetea,2017,Juli,57
8,9 ,Zombie,2017,Juli,52
9,10 ,Zerstörer,2017,Juli,47
0,1 ,Irish Flag (alkoholisch),2017,August,306
1,2 ,'57 Chevy,2017,August,88
2,3 ,Sex On The Beach,2017,August,73
3,4 ,Baby Aspirin,2017,August,67
4,5 ,Mai Tai,2017,August,64
5,6 ,Caipirinha,2017,August,60
6,7 ,Long Island Icetea,2017,August,59
7,8 ,Mojito original,2017,August,57
8,9 ,Zerstörer,2017,August,55
9,10 ,Zombie,2017,August,52
0,1 ,Irish Flag (alkoholisch),2017,September,355
1,2 ,'57 Chevy,2017,September,76
2,3 ,Baby Aspirin,2017,September,72
3,4 ,Sex On The Beach,2017,September,66
4,5 ,Long Island Icetea,2017,September,64
5,6 ,Zombie,2017,September,59
6,7 ,Mojito original,2017,September,58
7,8 ,Mai Tai,2017,September,51
8,9 ,Highfly,2017,September,49
9,10 ,Caipirinha,2017,September,47
0,1 ,Irish Flag (alkoholisch),2017,Oktober,382
1,2 ,'57 Chevy,2017,Oktober,89
2,3 ,Sex On The Beach,2017,Oktober,83
3,4 ,Baby Aspirin,2017,Oktober,83
4,5 ,Mai Tai,2017,Oktober,71
5,6 ,Caipirinha,2017,Oktober,67
6,7 ,Long Island Icetea,2017,Oktober,62
7,8 ,Highfly,2017,Oktober,61
8,9 ,Zombie,2017,Oktober,60
9,10 ,Mojito original,2017,Oktober,55
0,1 ,Irish Flag (alkoholisch),2017,November,346
1,2 ,Baby Aspirin,2017,November,90
2,3 ,Long Island Icetea,2017,November,72
3,4 ,'57 Chevy,2017,November,69
4,5 ,Caipirinha,2017,November,67
5,6 ,Sex On The Beach,2017,November,66
6,7 ,Zombie,2017,November,66
7,8 ,Mai Tai,2017,November,52
8,9 ,Mojito original,2017,November,49
9,10 ,Boston Cooler,2017,November,41
0,1 ,Irish Flag (alkoholisch),2017,Dezember,532
1,2 ,Whiskey Sour,2017,Dezember,77
2,3 ,Sex On The Beach,2017,Dezember,74
3,4 ,Baby Aspirin,2017,Dezember,74
4,5 ,Mai Tai,2017,Dezember,71
5,6 ,Long Island Icetea,2017,Dezember,65
6,7 ,Zombie,2017,Dezember,64
7,8 ,Caipirinha,2017,Dezember,63
8,9 ,Zerstörer,2017,Dezember,61
9,10 ,A B V,2017,Dezember,58
0,1 ,Irish Flag (alkoholisch),2018,total,3904
1,2 ,Baby Aspirin,2018,total,812
2,3 ,Caipirinha,2018,total,796
3,4 ,Sex On The Beach,2018,total,772
4,5 ,Mai Tai,2018,total,756
5,6 ,'57 Chevy,2018,total,704
6,7 ,Long Island Icetea,2018,total,672
7,8 ,Zombie,2018,total,671
8,9 ,Mojito original,2018,total,659
9,10 ,Zerstörer,2018,total,613
0,1 ,Irish Flag (alkoholisch),2018,Januar,383
1,2 ,Baby Aspirin,2018,Januar,84
2,3 ,'57 Chevy,2018,Januar,79
3,4 ,Long Island Icetea,2018,Januar,76
4,5 ,Sex On The Beach,2018,Januar,74
5,6 ,Caipirinha,2018,Januar,68
6,7 ,Mojito original,2018,Januar,61
7,8 ,Mai Tai,2018,Januar,61
8,9 ,Zombie,2018,Januar,59
9,10 ,Whiskey Sour,2018,Januar,56
0,1 ,Irish Flag (alkoholisch),2018,Februar,418
1,2 ,Baby Aspirin,2018,Februar,105
2,3 ,Sex On The Beach,2018,Februar,104
3,4 ,'57 Chevy,2018,Februar,96
4,5 ,Caipirinha,2018,Februar,91
5,6 ,Mai Tai,2018,Februar,90
6,7 ,Long Island Icetea,2018,Februar,89
7,8 ,Highfly,2018,Februar,81
8,9 ,Zombie,2018,Februar,79
9,10 ,Mojito original,2018,Februar,73
0,1 ,Irish Flag (alkoholisch),2018,März,520
1,2 ,'57 Chevy,2018,März,94
2,3 ,Zombie,2018,März,93
3,4 ,Baby Aspirin,2018,März,93
4,5 ,Sex On The Beach,2018,März,91
5,6 ,Alexander,2018,März,90
6,7 ,Mai Tai,2018,März,89
7,8 ,Caipirinha,2018,März,86
8,9 ,Mojito original,2018,März,83
9,10 ,Highfly,2018,März,77
0,1 ,Irish Flag (alkoholisch),2018,April,293
1,2 ,Caipirinha,2018,April,84
2,3 ,'57 Chevy,2018,April,81
3,4 ,Sex On The Beach,2018,April,78
4,5 ,Baby Aspirin,2018,April,72
5,6 ,Mai Tai,2018,April,69
6,7 ,Long Island Icetea,2018,April,65
7,8 ,Zombie,2018,April,65
8,9 ,Absinth,2018,April,65
9,10 ,Highfly,2018,April,62
0,1 ,Irish Flag (alkoholisch),2018,Mai,196
1,2 ,Sex On The Beach,2018,Mai,65
2,3 ,Baby Aspirin,2018,Mai,63
3,4 ,Zombie,2018,Mai,60
4,5 ,Caipirinha,2018,Mai,57
5,6 ,Mojito original,2018,Mai,55
6,7 ,Mai Tai,2018,Mai,54
7,8 ,Long Island Icetea,2018,Mai,53
8,9 ,Highfly,2018,Mai,47
9,10 ,'57 Chevy,2018,Mai,42
0,1 ,Irish Flag (alkoholisch),2018,Juni,210
1,2 ,"Pina Colada ""real""",2018,Juni,188
2,3 ,Snowball Fizz,2018,Juni,162
3,4 ,Evilsch,2018,Juni,125
4,5 ,Hot Whiskey Toddy,2018,Juni,116
5,6 ,Feuerzangenbowle,2018,Juni,112
6,7 ,B and B,2018,Juni,111
7,8 ,Gin-n-Fruit,2018,Juni,111
8,9 ,Gine And Tonic,2018,Juni,109
9,10 ,Talos Green,2018,Juni,103
0,1 ,Irish Flag (alkoholisch),2018,Juli,237
1,2 ,Di Amore Dream,2018,Juli,118
2,3 ,Whiskey Sour,2018,Juli,62
3,4 ,Caipirinha,2018,Juli,61
4,5 ,Baby Aspirin,2018,Juli,60
5,6 ,Mai Tai,2018,Juli,58
6,7 ,Mojito original,2018,Juli,56
7,8 ,Bull Shot,2018,Juli,55
8,9 ,Sex On The Beach,2018,Juli,54
9,10 ,Zombie,2018,Juli,48
0,1 ,Irish Flag (alkoholisch),2018,August,254
1,2 ,Birnenaperitif,2018,August,153
2,3 ,911 Targa,2018,August,120
3,4 ,Kir Framboise,2018,August,117
4,5 ,Gin Alexander,2018,August,106
5,6 ,Queen Of Scots,2018,August,91
6,7 ,Apricot Sour,2018,August,90
7,8 ,Traffic Light Cooler,2018,August,82
8,9 ,Manhattan medium 2,2018,August,81
9,10 ,Russian Bear Cocktail,2018,August,80
0,1 ,Irish Flag (alkoholisch),2018,September,334
1,2 ,A B V,2018,September,45
2,3 ,Caipirinha,2018,September,44
3,4 ,Sex On The Beach,2018,September,43
4,5 ,Boston Cooler,2018,September,43
5,6 ,Mai Tai,2018,September,42
6,7 ,Baby Aspirin,2018,September,41
7,8 ,Jäger Ace,2018,September,40
8,9 ,Blueberry Martini,2018,September,40
9,10 ,Twin Hills,2018,September,40
0,1 ,Irish Flag (alkoholisch),2018,Oktober,434
1,2 ,Zerstörer,2018,Oktober,68
2,3 ,Speed King,2018,Oktober,53
3,4 ,Baby Aspirin,2018,Oktober,51
4,5 ,Caipirinha,2018,Oktober,51
5,6 ,Omas offenes Bein,2018,Oktober,44
6,7 ,Mojito original,2018,Oktober,43
7,8 ,Sex On The Beach,2018,Oktober,41
8,9 ,Mai Tai,2018,Oktober,40
9,10 ,Boston Cooler,2018,Oktober,38
0,1 ,Irish Flag (alkoholisch),2018,November,306
1,2 ,Zerstörer,2018,November,91
2,3 ,Speed King,2018,November,72
3,4 ,Sex On The Beach,2018,November,60
4,5 ,Baby Aspirin,2018,November,58
5,6 ,Caipirinha,2018,November,53
6,7 ,Zombie,2018,November,51
7,8 ,Mai Tai,2018,November,51
8,9 ,Long Island Icetea,2018,November,50
9,10 ,'57 Chevy,2018,November,50
0,1 ,Irish Flag (alkoholisch),2018,Dezember,319
1,2 ,Speed King,2018,Dezember,94
2,3 ,Zerstörer,2018,Dezember,90
3,4 ,Caipirinha,2018,Dezember,71
4,5 ,Long Island Icetea,2018,Dezember,59
5,6 ,Mai Tai,2018,Dezember,57
6,7 ,Sex On The Beach,2018,Dezember,56
7,8 ,'57 Chevy,2018,Dezember,56
8,9 ,Baby Aspirin,2018,Dezember,54
9,10 ,Mojito original,2018,Dezember,48
0,1 ,Irish Flag (alkoholisch),2019,total,927
1,2 ,Zerstörer,2019,total,649
2,3 ,Speed King,2019,total,462
3,4 ,Baby Aspirin,2019,total,361
4,5 ,Caipirinha,2019,total,360
5,6 ,Omas offenes Bein,2019,total,352
6,7 ,Sex On The Beach,2019,total,330
7,8 ,Long Island Icetea,2019,total,329
8,9 ,Mai Tai,2019,total,320
9,10 ,Mojito original,2019,total,306
0,1 ,Irish Flag (alkoholisch),2019,Januar,219
1,2 ,Speed King,2019,Januar,79
2,3 ,Baby Aspirin,2019,Januar,66
3,4 ,Zerstörer,2019,Januar,64
4,5 ,Mai Tai,2019,Januar,59
5,6 ,Mojito original,2019,Januar,55
6,7 ,Long Island Icetea,2019,Januar,54
7,8 ,Caipirinha,2019,Januar,53
8,9 ,Zombie,2019,Januar,52
9,10 ,Sex On The Beach,2019,Januar,50
0,1 ,Irish Flag (alkoholisch),2019,Februar,167
1,2 ,Baby Aspirin,2019,Februar,67
2,3 ,Zerstörer,2019,Februar,63
3,4 ,Speed King,2019,Februar,61
4,5 ,Highfly,2019,Februar,59
5,6 ,Caipirinha,2019,Februar,51
6,7 ,Sex On The Beach,2019,Februar,46
7,8 ,Long Island Icetea,2019,Februar,46
8,9 ,Schwanzlstürzer,2019,Februar,45
9,10 ,Omas offenes Bein,2019,Februar,44
0,1 ,Irish Flag (alkoholisch),2019,März,149
1,2 ,Zerstörer,2019,März,95
2,3 ,Speed King,2019,März,60
3,4 ,Omas offenes Bein,2019,März,54
4,5 ,Baby Aspirin,2019,März,52
5,6 ,Caipirinha,2019,März,52
6,7 ,Long Island Icetea,2019,März,48
7,8 ,Highfly,2019,März,48
8,9 ,Mai Tai,2019,März,45
9,10 ,Sex On The Beach,2019,März,43
0,1 ,Irish Flag (alkoholisch),2019,April,109
1,2 ,Zerstörer,2019,April,93
2,3 ,Speed King,2019,April,75
3,4 ,Omas offenes Bein,2019,April,63
4,5 ,Caipirinha,2019,April,60
5,6 ,Sex On The Beach,2019,April,50
6,7 ,Baby Aspirin,2019,April,49
7,8 ,Mai Tai,2019,April,47
8,9 ,Schwanzlstürzer,2019,April,46
9,10 ,Boston Cooler,2019,April,44
0,1 ,Zerstörer,2019,Mai,114
1,2 ,Irish Flag (alkoholisch),2019,Mai,108
2,3 ,Speed King,2019,Mai,66
3,4 ,Schwanzlstürzer,2019,Mai,49
4,5 ,Baby Aspirin,2019,Mai,47
5,6 ,Mai Tai,2019,Mai,46
6,7 ,Long Island Icetea,2019,Mai,43
7,8 ,Sex On The Beach,2019,Mai,42
8,9 ,Mojito original,2019,Mai,42
9,10 ,Caipirinha,2019,Mai,41
0,1 ,Zerstörer,2019,Juni,112
1,2 ,Irish Flag (alkoholisch),2019,Juni,97
2,3 ,Speed King,2019,Juni,69
3,4 ,Omas offenes Bein,2019,Juni,66
4,5 ,Sex On The Beach,2019,Juni,58
5,6 ,Schwanzlstürzer,2019,Juni,58
6,7 ,White Russian (der Echte!),2019,Juni,53
7,8 ,Caipirinha,2019,Juni,51
8,9 ,Bavorak,2019,Juni,51
9,10 ,Long Island Icetea,2019,Juni,50
0,1 ,Zerstörer,2019,Juli,143
1,2 ,Irish Flag (alkoholisch),2019,Juli,90
2,3 ,Speed King,2019,Juli,73
3,4 ,Caipirinha,2019,Juli,66
4,5 ,Baby Aspirin,2019,Juli,58
5,6 ,Long Island Icetea,2019,Juli,54
6,7 ,Mojito original,2019,Juli,53
7,8 ,Schwanzlstürzer,2019,Juli,52
8,9 ,Sex On The Beach,2019,Juli,48
9,10 ,Boston Cooler,2019,Juli,46
0,1 ,'57 Chevy,2019,August,18
1,2 ,Irish Flag (alkoholisch),2019,August,18
2,3 ,Long Island Icetea,2019,August,17
3,4 ,Mai Tai,2019,August,17
4,5 ,Caipirinha,2019,August,15
5,6 ,Zerstörer,2019,August,15
6,7 ,Mojito original,2019,August,13
7,8 ,Baby Aspirin,2019,August,12
8,9 ,Whiskey Sour,2019,August,11
9,10 ,Martini dry,2019,August,10
0,1 ,Zerstörer,2019,September,91
1,2 ,Speed King,2019,September,61
2,3 ,Irish Flag (alkoholisch),2019,September,46
3,4 ,Sex On The Beach,2019,September,39
4,5 ,Caipirinha,2019,September,38
5,6 ,Bavorak,2019,September,35
6,7 ,Long Island Icetea,2019,September,33
7,8 ,Whiskey Sour 2,2019,September,32
8,9 ,Baby Aspirin,2019,September,31
9,10 ,Wiki Waki Woo,2019,September,31
0,1 ,Zerstörer,2019,Oktober,91
1,2 ,Speed King,2019,Oktober,67
2,3 ,Sex On The Beach,2019,Oktober,52
3,4 ,Irish Flag (alkoholisch),2019,Oktober,50
4,5 ,Schwanzlstürzer,2019,Oktober,47
5,6 ,Baby Aspirin,2019,Oktober,40
6,7 ,Mai Tai,2019,Oktober,39
7,8 ,Zombie,2019,Oktober,37
8,9 ,Caipirinha,2019,Oktober,37
9,10 ,Highfly,2019,Oktober,34
0,1 ,Zerstörer,2019,November,116
1,2 ,Schwanzlstürzer,2019,November,84
2,3 ,Irish Flag (alkoholisch),2019,November,74
3,4 ,Speed King,2019,November,63
4,5 ,Baby Aspirin,2019,November,52
5,6 ,'57 Chevy,2019,November,41
6,7 ,Sex On The Beach,2019,November,40
7,8 ,Long Island Icetea,2019,November,38
8,9 ,Mai Tai,2019,November,33
9,10 ,Caipirinha,2019,November,32
0,1 ,Zerstörer,2019,Dezember,144
1,2 ,Speed King,2019,Dezember,95
2,3 ,Schwanzlstürzer,2019,Dezember,59
3,4 ,Irish Flag (alkoholisch),2019,Dezember,56
4,5 ,Sex On The Beach,2019,Dezember,54
5,6 ,Bavorak,2019,Dezember,51
6,7 ,Baby Aspirin,2019,Dezember,45
7,8 ,Aperol sour,2019,Dezember,44
8,9 ,Omas offenes Bein,2019,Dezember,43
9,10 ,Zombie,2019,Dezember,41
0,1 ,Zerstörer,2020,total,987
1,2 ,Baby Aspirin,2020,total,673
2,3 ,Speed King,2020,total,641
3,4 ,Sex On The Beach,2020,total,641
4,5 ,Irish Flag (alkoholisch),2020,total,555
5,6 ,Schwanzlstürzer,2020,total,516
6,7 ,Long Island Icetea,2020,total,466
7,8 ,Omas offenes Bein,2020,total,449
8,9 ,Caipirinha,2020,total,449
9,10 ,'57 Chevy,2020,total,443
0,1 ,Zerstörer,2020,Januar,121
1,2 ,Irish Flag (alkoholisch),2020,Januar,87
2,3 ,Baby Aspirin,2020,Januar,80
3,4 ,Speed King,2020,Januar,74
4,5 ,Sex On The Beach,2020,Januar,69
5,6 ,Bavorak,2020,Januar,67
6,7 ,Schwanzlstürzer,2020,Januar,64
7,8 ,Long Island Icetea,2020,Januar,54
8,9 ,Omas offenes Bein,2020,Januar,51
9,10 ,Caipirinha,2020,Januar,49
0,1 ,Zerstörer,2020,Februar,80
1,2 ,Speed King,2020,Februar,53
2,3 ,Sex On The Beach,2020,Februar,39
3,4 ,Irish Flag (alkoholisch),2020,Februar,37
4,5 ,Baby Aspirin,2020,Februar,36
5,6 ,Long Island Icetea,2020,Februar,34
6,7 ,Highfly,2020,Februar,30
7,8 ,Schwanzlstürzer,2020,Februar,30
8,9 ,'57 Chevy,2020,Februar,30
9,10 ,Mojito original,2020,Februar,29
0,1 ,Zerstörer,2020,März,78
1,2 ,Baby Aspirin,2020,März,75
2,3 ,Sex On The Beach,2020,März,66
3,4 ,Speed King,2020,März,58
4,5 ,Irish Flag (alkoholisch),2020,März,55
5,6 ,Alexander 2,2020,März,54
6,7 ,Mojito original,2020,März,51
7,8 ,Zombie,2020,März,50
8,9 ,Caipirinha,2020,März,50
9,10 ,Long Island Icetea,2020,März,49
0,1 ,Baby Aspirin,2020,April,66
1,2 ,Zerstörer,2020,April,65
2,3 ,Sex On The Beach,2020,April,59
3,4 ,Speed King,2020,April,52
4,5 ,'57 Chevy,2020,April,52
5,6 ,Long Island Icetea,2020,April,52
6,7 ,Caipirinha,2020,April,51
7,8 ,Mai Tai,2020,April,49
8,9 ,Zombie,2020,April,47
9,10 ,Wiki Waki Woo,2020,April,41
0,1 ,Zerstörer,2020,Mai,66
1,2 ,Baby Aspirin,2020,Mai,56
2,3 ,Sex On The Beach,2020,Mai,46
3,4 ,Schwanzlstürzer,2020,Mai,38
4,5 ,Irish Flag (alkoholisch),2020,Mai,36
5,6 ,Mojito original,2020,Mai,34
6,7 ,Lady Finger,2020,Mai,33
7,8 ,Long Island Icetea,2020,Mai,33
8,9 ,Mai Tai,2020,Mai,33
9,10 ,Merlin,2020,Mai,32
0,1 ,Zerstörer,2020,Juni,65
1,2 ,Sex On The Beach,2020,Juni,51
2,3 ,Baby Aspirin,2020,Juni,48
3,4 ,Mai Tai,2020,Juni,39
4,5 ,Mojito original,2020,Juni,36
5,6 ,'57 Chevy,2020,Juni,34
6,7 ,Caipirinha,2020,Juni,34
7,8 ,Irish Flag (alkoholisch),2020,Juni,33
8,9 ,Speed King,2020,Juni,31
9,10 ,Omas offenes Bein,2020,Juni,30
0,1 ,Baby Aspirin,2020,Juli,79
1,2 ,Omas offenes Bein,2020,Juli,66
2,3 ,Sex On The Beach,2020,Juli,66
3,4 ,Zerstörer,2020,Juli,64
4,5 ,Irish Flag (alkoholisch),2020,Juli,61
5,6 ,Caipirinha,2020,Juli,60
6,7 ,Long Island Icetea,2020,Juli,50
7,8 ,Speed King,2020,Juli,49
8,9 ,Zombie,2020,Juli,48
9,10 ,'57 Chevy,2020,Juli,48
0,1 ,Zerstörer,2020,August,37
1,2 ,Baby Aspirin,2020,August,34
2,3 ,Speed King,2020,August,33
3,4 ,Omas offenes Bein,2020,August,30
4,5 ,Bavorak,2020,August,28
5,6 ,Irish Flag (alkoholisch),2020,August,26
6,7 ,Caipirinha,2020,August,26
7,8 ,Schwanzlstürzer,2020,August,25
8,9 ,Long Island Icetea,2020,August,23
9,10 ,Wiki Waki Woo,2020,August,22
0,1 ,Zerstörer,2020,September,99
1,2 ,Schwanzlstürzer,2020,September,62
2,3 ,Baby Aspirin,2020,September,49
3,4 ,Bavorak,2020,September,49
4,5 ,Sex On The Beach,2020,September,39
5,6 ,Pangalaktischer Donnergurgler,2020,September,38
6,7 ,Froschmilch,2020,September,37
7,8 ,Frensh 75 (CDrink),2020,September,37
8,9 ,Speed King,2020,September,37
9,10 ,Dream Cocktail,2020,September,31
0,1 ,Zerstörer,2020,Oktober,121
1,2 ,Speed King,2020,Oktober,76
2,3 ,Sex On The Beach,2020,Oktober,70
3,4 ,Omas offenes Bein,2020,Oktober,63
4,5 ,Schwanzlstürzer,2020,Oktober,63
5,6 ,Baby Aspirin,2020,Oktober,61
6,7 ,Irish Flag (alkoholisch),2020,Oktober,56
7,8 ,Caipirinha,2020,Oktober,52
8,9 ,Mojito original,2020,Oktober,47
9,10 ,Long Island Icetea,2020,Oktober,44
0,1 ,Zerstörer,2020,November,109
1,2 ,Speed King,2020,November,78
2,3 ,Schwanzlstürzer,2020,November,60
3,4 ,Bavorak,2020,November,49
4,5 ,Sex On The Beach,2020,November,49
5,6 ,Irish Flag (alkoholisch),2020,November,47
6,7 ,Baby Aspirin,2020,November,47
7,8 ,Mai Tai,2020,November,39
8,9 ,'57 Chevy,2020,November,39
9,10 ,Wiki Waki Woo,2020,November,38
0,1 ,Zerstörer,2020,Dezember,82
1,2 ,Speed King,2020,Dezember,68
2,3 ,Sex On The Beach,2020,Dezember,66
3,4 ,Irish Flag (alkoholisch),2020,Dezember,59
4,5 ,Long Island Icetea,2020,Dezember,49
5,6 ,Schwanzlstürzer,2020,Dezember,47
6,7 ,Omas offenes Bein,2020,Dezember,47
7,8 ,Baby Aspirin,2020,Dezember,42
8,9 ,Mai Tai,2020,Dezember,42
9,10 ,Zombie,2020,Dezember,40
